author,date,exam,file-name,file-path,file-type,last_updated,status,subject,type,url,year
Bhushan Khairkar,,,20251008_215428320,Documents/Bhushan Khairkar/Papers/20251008_215428320.jpg,jpg,2025-10-12T19:52:13.681839,False,,Papers,,20251008_215428320.jpg
Bhushan Khairkar,,,ACFSS_ESE,Documents/Bhushan Khairkar/Papers/ACFSS_ESE.jpg,jpg,2025-10-12T19:52:13.681873,False,,Papers,,ACFSS_ESE.jpg
Bhushan Khairkar,,,ACFSS_ESE_b,Documents/Bhushan Khairkar/Papers/ACFSS_ESE_b.jpg,jpg,2025-10-12T19:52:13.681905,False,,Papers,,ACFSS_ESE_b.jpg
Bhushan Khairkar,,,ACFSS_MT1B,Documents/Bhushan Khairkar/Papers/ACFSS_MT1B.jpg,jpg,2025-10-12T19:52:13.681937,False,,Papers,,ACFSS_MT1B.jpg
Bhushan Khairkar,,,ACFSS_MT1_b,Documents/Bhushan Khairkar/Papers/ACFSS_MT1_b.jpg,jpg,2025-10-12T19:52:13.681971,False,,Papers,,ACFSS_MT1_b.jpg
Bhushan Khairkar,,,ACFSS_MT2,Documents/Bhushan Khairkar/Papers/ACFSS_MT2.jpg,jpg,2025-10-12T19:52:13.682003,False,,Papers,,ACFSS_MT2.jpg
Bhushan Khairkar,,,ACFSS_MT2_b,Documents/Bhushan Khairkar/Papers/ACFSS_MT2_b.jpg,jpg,2025-10-12T19:52:13.682035,False,,Papers,,ACFSS_MT2_b.jpg
Bhushan Khairkar,,,AC_ESE,Documents/Bhushan Khairkar/Papers/AC_ESE.jpg,jpg,2025-10-12T19:52:13.682068,False,,Papers,,AC_ESE.jpg
Bhushan Khairkar,,,AC_ESE_b,Documents/Bhushan Khairkar/Papers/AC_ESE_b.jpg,jpg,2025-10-12T19:52:13.682099,False,,Papers,,AC_ESE_b.jpg
Bhushan Khairkar,,,AC_MT1,Documents/Bhushan Khairkar/Papers/AC_MT1.jpg,jpg,2025-10-12T19:52:13.682132,False,,Papers,,AC_MT1.jpg
Bhushan Khairkar,,,AC_MT2,Documents/Bhushan Khairkar/Papers/AC_MT2.jpg,jpg,2025-10-12T19:52:13.682168,False,,Papers,,AC_MT2.jpg
Bhushan Khairkar,,,APC_ESE,Documents/Bhushan Khairkar/Papers/APC_ESE.jpg,jpg,2025-10-12T19:52:13.682202,False,,Papers,,APC_ESE.jpg
Bhushan Khairkar,,,APC_ESEB,Documents/Bhushan Khairkar/Papers/APC_ESEB.jpg,jpg,2025-10-12T19:52:13.682234,False,,Papers,,APC_ESEB.jpg
Bhushan Khairkar,,,APC_MT1,Documents/Bhushan Khairkar/Papers/APC_MT1.jpg,jpg,2025-10-12T19:52:13.682269,False,,Papers,,APC_MT1.jpg
Bhushan Khairkar,,,APC_MT2,Documents/Bhushan Khairkar/Papers/APC_MT2.jpg,jpg,2025-10-12T19:52:13.682302,False,,Papers,,APC_MT2.jpg
Bhushan Khairkar,,,AP_ESE,Documents/Bhushan Khairkar/Papers/AP_ESE.jpg,jpg,2025-10-12T19:52:13.682338,False,,Papers,,AP_ESE.jpg
Bhushan Khairkar,,,AP_ESE_b,Documents/Bhushan Khairkar/Papers/AP_ESE_b.jpg,jpg,2025-10-12T19:52:13.682373,False,,Papers,,AP_ESE_b.jpg
Bhushan Khairkar,,,AP_MT1,Documents/Bhushan Khairkar/Papers/AP_MT1.jpg,jpg,2025-10-12T19:52:13.682407,False,,Papers,,AP_MT1.jpg
Bhushan Khairkar,,,AP_MT1_b,Documents/Bhushan Khairkar/Papers/AP_MT1_b.jpg,jpg,2025-10-12T19:52:13.682440,False,,Papers,,AP_MT1_b.jpg
Bhushan Khairkar,,,AP_MT2,Documents/Bhushan Khairkar/Papers/AP_MT2.jpg,jpg,2025-10-12T19:52:13.682474,False,,Papers,,AP_MT2.jpg
Bhushan Khairkar,,,AP_MT_b,Documents/Bhushan Khairkar/Papers/AP_MT_b.jpg,jpg,2025-10-12T19:52:13.682508,False,,Papers,,AP_MT_b.jpg
Bhushan Khairkar,,,BC&DE_MT1,Documents/Bhushan Khairkar/Papers/BC&DE_MT1.jpg,jpg,2025-10-12T19:52:13.682554,False,,Papers,,BC&DE_MT1.jpg
Bhushan Khairkar,,,BC&DE_MT2,Documents/Bhushan Khairkar/Papers/BC&DE_MT2.jpg,jpg,2025-10-12T19:52:13.682590,False,,Papers,,BC&DE_MT2.jpg
Bhushan Khairkar,,,BC&DE_MT2_b,Documents/Bhushan Khairkar/Papers/BC&DE_MT2_b.jpg,jpg,2025-10-12T19:52:13.682795,False,,Papers,,BC&DE_MT2_b.jpg
Bhushan Khairkar,,,BC_MT1,Documents/Bhushan Khairkar/Papers/BC_MT1.jpg,jpg,2025-10-12T19:52:13.682851,False,,Papers,,BC_MT1.jpg
Bhushan Khairkar,,,BC_MT2,Documents/Bhushan Khairkar/Papers/BC_MT2.jpg,jpg,2025-10-12T19:52:13.682897,False,,Papers,,BC_MT2.jpg
Bhushan Khairkar,,,BE&EE_ESE,Documents/Bhushan Khairkar/Papers/BE&EE_ESE.jpg,jpg,2025-10-12T19:52:13.682922,False,,Papers,,BE&EE_ESE.jpg
Bhushan Khairkar,,,BE&EE_ESE_b,Documents/Bhushan Khairkar/Papers/BE&EE_ESE_b.jpg,jpg,2025-10-12T19:52:13.682942,False,,Papers,,BE&EE_ESE_b.jpg
Bhushan Khairkar,,,BE&EE_MT1,Documents/Bhushan Khairkar/Papers/BE&EE_MT1.jpg,jpg,2025-10-12T19:52:13.682969,False,,Papers,,BE&EE_MT1.jpg
Bhushan Khairkar,,,BE&EE_MT1_b,Documents/Bhushan Khairkar/Papers/BE&EE_MT1_b.jpg,jpg,2025-10-12T19:52:13.682987,False,,Papers,,BE&EE_MT1_b.jpg
Bhushan Khairkar,,,BE&EE_MT2,Documents/Bhushan Khairkar/Papers/BE&EE_MT2.jpg,jpg,2025-10-12T19:52:13.683005,False,,Papers,,BE&EE_MT2.jpg
Bhushan Khairkar,,,BPC_MT1,Documents/Bhushan Khairkar/Papers/BPC_MT1.jpg,jpg,2025-10-12T19:52:13.683032,False,,Papers,,BPC_MT1.jpg
Bhushan Khairkar,,,BPC_MT1_b,Documents/Bhushan Khairkar/Papers/BPC_MT1_b.jpg,jpg,2025-10-12T19:52:13.683066,False,,Papers,,BPC_MT1_b.jpg
Bhushan Khairkar,,,CAG ,Documents/Bhushan Khairkar/Papers/CAG .jpg,jpg,2025-10-12T19:52:13.683100,False,,Papers,,CAG .jpg
Bhushan Khairkar,,,CAG_MT1,Documents/Bhushan Khairkar/Papers/CAG_MT1.jpg,jpg,2025-10-12T19:52:13.683133,False,,Papers,,CAG_MT1.jpg
Bhushan Khairkar,,,CAG_MT2,Documents/Bhushan Khairkar/Papers/CAG_MT2.jpg,jpg,2025-10-12T19:52:13.683165,False,,Papers,,CAG_MT2.jpg
Bhushan Khairkar,,,CS_ESE,Documents/Bhushan Khairkar/Papers/CS_ESE.jpg,jpg,2025-10-12T19:52:13.683198,False,,Papers,,CS_ESE.jpg
Bhushan Khairkar,,,CS_ESE_b,Documents/Bhushan Khairkar/Papers/CS_ESE_b.jpg,jpg,2025-10-12T19:52:13.683232,False,,Papers,,CS_ESE_b.jpg
Bhushan Khairkar,,,CS_MT1,Documents/Bhushan Khairkar/Papers/CS_MT1.jpg,jpg,2025-10-12T19:52:13.683271,False,,Papers,,CS_MT1.jpg
Bhushan Khairkar,,,CS_MT1_b,Documents/Bhushan Khairkar/Papers/CS_MT1_b.jpg,jpg,2025-10-12T19:52:13.683290,False,,Papers,,CS_MT1_b.jpg
Bhushan Khairkar,,,CS_MT2,Documents/Bhushan Khairkar/Papers/CS_MT2.jpg,jpg,2025-10-12T19:52:13.683331,False,,Papers,,CS_MT2.jpg
Bhushan Khairkar,,,CS_MT2_b,Documents/Bhushan Khairkar/Papers/CS_MT2_b.jpg,jpg,2025-10-12T19:52:13.683414,False,,Papers,,CS_MT2_b.jpg
Bhushan Khairkar,,,DEM_MT1,Documents/Bhushan Khairkar/Papers/DEM_MT1.jpg,jpg,2025-10-12T19:52:13.683592,False,,Papers,,DEM_MT1.jpg
Bhushan Khairkar,,,DT_MS1,Documents/Bhushan Khairkar/Papers/DT_MS1.jpg,jpg,2025-10-12T19:52:13.683688,False,,Papers,,DT_MS1.jpg
Bhushan Khairkar,,,EM_ESE,Documents/Bhushan Khairkar/Papers/EM_ESE.jpg,jpg,2025-10-12T19:52:13.683736,False,,Papers,,EM_ESE.jpg
Bhushan Khairkar,,,EM_ESE_b,Documents/Bhushan Khairkar/Papers/EM_ESE_b.jpg,jpg,2025-10-12T19:52:13.683779,False,,Papers,,EM_ESE_b.jpg
Bhushan Khairkar,,,EM_MT1,Documents/Bhushan Khairkar/Papers/EM_MT1.jpg,jpg,2025-10-12T19:52:13.683812,False,,Papers,,EM_MT1.jpg
Bhushan Khairkar,,,EM_MT1_b,Documents/Bhushan Khairkar/Papers/EM_MT1_b.jpg,jpg,2025-10-12T19:52:13.683833,False,,Papers,,EM_MT1_b.jpg
Bhushan Khairkar,,,EM_MT2_b,Documents/Bhushan Khairkar/Papers/EM_MT2_b.jpg,jpg,2025-10-12T19:52:13.683852,False,,Papers,,EM_MT2_b.jpg
Bhushan Khairkar,,,EM_MT2b,Documents/Bhushan Khairkar/Papers/EM_MT2b.jpg,jpg,2025-10-12T19:52:13.683872,False,,Papers,,EM_MT2b.jpg
Bhushan Khairkar,,,FAI_MT1,Documents/Bhushan Khairkar/Papers/FAI_MT1.jpg,jpg,2025-10-12T19:52:13.683905,False,,Papers,,FAI_MT1.jpg
Bhushan Khairkar,,,FAI_MT1_b,Documents/Bhushan Khairkar/Papers/FAI_MT1_b.jpg,jpg,2025-10-12T19:52:13.683938,False,,Papers,,FAI_MT1_b.jpg
Bhushan Khairkar,,,FLS_ESE,Documents/Bhushan Khairkar/Papers/FLS_ESE.jpg,jpg,2025-10-12T19:52:13.683957,False,,Papers,,FLS_ESE.jpg
Bhushan Khairkar,,,FLS_ESE2,Documents/Bhushan Khairkar/Papers/FLS_ESE2.jpg,jpg,2025-10-12T19:52:13.683975,False,,Papers,,FLS_ESE2.jpg
Bhushan Khairkar,,,FLS_MT1,Documents/Bhushan Khairkar/Papers/FLS_MT1.jpg,jpg,2025-10-12T19:52:13.683993,False,,Papers,,FLS_MT1.jpg
Bhushan Khairkar,,,FLS_MT1_b,Documents/Bhushan Khairkar/Papers/FLS_MT1_b.jpg,jpg,2025-10-12T19:52:13.684010,False,,Papers,,FLS_MT1_b.jpg
Bhushan Khairkar,,,FLS_MT2,Documents/Bhushan Khairkar/Papers/FLS_MT2.jpg,jpg,2025-10-12T19:52:13.684028,False,,Papers,,FLS_MT2.jpg
Bhushan Khairkar,,,FLS_MT2_b,Documents/Bhushan Khairkar/Papers/FLS_MT2_b.jpg,jpg,2025-10-12T19:52:13.684045,False,,Papers,,FLS_MT2_b.jpg
Bhushan Khairkar,,,ITK_ESE,Documents/Bhushan Khairkar/Papers/ITK_ESE.jpg,jpg,2025-10-12T19:52:13.684063,False,,Papers,,ITK_ESE.jpg
Bhushan Khairkar,,,ITK_MT1,Documents/Bhushan Khairkar/Papers/ITK_MT1.jpg,jpg,2025-10-12T19:52:13.684081,False,,Papers,,ITK_MT1.jpg
Bhushan Khairkar,,,ITK_MT2,Documents/Bhushan Khairkar/Papers/ITK_MT2.jpg,jpg,2025-10-12T19:52:13.684117,False,,Papers,,ITK_MT2.jpg
Bhushan Khairkar,,,MB_MT1,Documents/Bhushan Khairkar/Papers/MB_MT1.jpg,jpg,2025-10-12T19:52:13.684143,False,,Papers,,MB_MT1.jpg
Bhushan Khairkar,,,MB_MT1_b,Documents/Bhushan Khairkar/Papers/MB_MT1_b.jpg,jpg,2025-10-12T19:52:13.684161,False,,Papers,,MB_MT1_b.jpg
Bhushan Khairkar,,,MB_MT2,Documents/Bhushan Khairkar/Papers/MB_MT2.jpg,jpg,2025-10-12T19:52:13.684179,False,,Papers,,MB_MT2.jpg
Bhushan Khairkar,,,MB_MT2_b,Documents/Bhushan Khairkar/Papers/MB_MT2_b.jpg,jpg,2025-10-12T19:52:13.684196,False,,Papers,,MB_MT2_b.jpg
Bhushan Khairkar,,,MS_ESE,Documents/Bhushan Khairkar/Papers/MS_ESE.jpg,jpg,2025-10-12T19:52:13.684213,False,,Papers,,MS_ESE.jpg
Bhushan Khairkar,,,MS_ESE_b,Documents/Bhushan Khairkar/Papers/MS_ESE_b.jpg,jpg,2025-10-12T19:52:13.684232,False,,Papers,,MS_ESE_b.jpg
Bhushan Khairkar,,,MS_MT1,Documents/Bhushan Khairkar/Papers/MS_MT1.jpg,jpg,2025-10-12T19:52:13.684250,False,,Papers,,MS_MT1.jpg
Bhushan Khairkar,,,MS_MT1_b,Documents/Bhushan Khairkar/Papers/MS_MT1_b.jpg,jpg,2025-10-12T19:52:13.685619,False,,Papers,,MS_MT1_b.jpg
Bhushan Khairkar,,,MS_MT2,Documents/Bhushan Khairkar/Papers/MS_MT2.jpg,jpg,2025-10-12T19:52:13.685668,False,,Papers,,MS_MT2.jpg
Bhushan Khairkar,,,MS_MT2_b,Documents/Bhushan Khairkar/Papers/MS_MT2_b.jpg,jpg,2025-10-12T19:52:13.685714,False,,Papers,,MS_MT2_b.jpg
Bhushan Khairkar,,,UHV_MT1,Documents/Bhushan Khairkar/Papers/UHV_MT1.jpg,jpg,2025-10-12T19:52:13.685749,False,,Papers,,UHV_MT1.jpg
Bhushan Khairkar,,,UHV_MT1_b,Documents/Bhushan Khairkar/Papers/UHV_MT1_b.jpg,jpg,2025-10-12T19:52:13.685782,False,,Papers,,UHV_MT1_b.jpg
Mohit Hatwar,,,AWS-U3,Documents/Mohit Hatwar/Notes/2025/AWS/AWS-U3.pdf,pdf,2025-10-12T19:52:13.686298,False,AWS,Notes,,2025
Sumit Dangore,,,ACS_CAE1,Documents/Sumit Dangore/Papers/ACS_CAE1.jpg,jpg,2025-10-12T19:52:13.687098,False,,Papers,,ACS_CAE1.jpg
Sumit Dangore,,,AET_CAE1,Documents/Sumit Dangore/Papers/AET_CAE1.jpg,jpg,2025-10-12T19:52:13.687131,False,,Papers,,AET_CAE1.jpg
Sumit Dangore,,,AET_CAE2,Documents/Sumit Dangore/Papers/AET_CAE2.jpg,jpg,2025-10-12T19:52:13.687164,False,,Papers,,AET_CAE2.jpg
Sumit Dangore,,,AET_ESE,Documents/Sumit Dangore/Papers/AET_ESE.jpg,jpg,2025-10-12T19:52:13.687196,False,,Papers,,AET_ESE.jpg
Sumit Dangore,,,AET_ESE_b,Documents/Sumit Dangore/Papers/AET_ESE_b.jpg,jpg,2025-10-12T19:52:13.687229,False,,Papers,,AET_ESE_b.jpg
Sumit Dangore,,,ALSPE_CAE1,Documents/Sumit Dangore/Papers/ALSPE_CAE1.jpg,jpg,2025-10-12T19:52:13.687261,False,,Papers,,ALSPE_CAE1.jpg
Sumit Dangore,,,BEE_CAE1,Documents/Sumit Dangore/Papers/BEE_CAE1.jpg,jpg,2025-10-12T19:52:13.687294,False,,Papers,,BEE_CAE1.jpg
Sumit Dangore,,,BEE_CAE2,Documents/Sumit Dangore/Papers/BEE_CAE2.jpg,jpg,2025-10-12T19:52:13.687327,False,,Papers,,BEE_CAE2.jpg
Sumit Dangore,,,BEE_ESE,Documents/Sumit Dangore/Papers/BEE_ESE.jpg,jpg,2025-10-12T19:52:13.687360,False,,Papers,,BEE_ESE.jpg
Sumit Dangore,,,BEE_ESE_b,Documents/Sumit Dangore/Papers/BEE_ESE_b.jpg,jpg,2025-10-12T19:52:13.687392,False,,Papers,,BEE_ESE_b.jpg
Sumit Dangore,,,BE_CAE1,Documents/Sumit Dangore/Papers/BE_CAE1.jpg,jpg,2025-10-12T19:52:13.687425,False,,Papers,,BE_CAE1.jpg
Sumit Dangore,,,BE_CAE2,Documents/Sumit Dangore/Papers/BE_CAE2.jpg,jpg,2025-10-12T19:52:13.687457,False,,Papers,,BE_CAE2.jpg
Sumit Dangore,,,BE_ESE,Documents/Sumit Dangore/Papers/BE_ESE.jpg,jpg,2025-10-12T19:52:13.687490,False,,Papers,,BE_ESE.jpg
Sumit Dangore,,,BE_ESE1,Documents/Sumit Dangore/Papers/BE_ESE1.jpg,jpg,2025-10-12T19:52:13.687522,False,,Papers,,BE_ESE1.jpg
Sumit Dangore,,,BME_CAE1B,Documents/Sumit Dangore/Papers/BME_CAE1B.jpg,jpg,2025-10-12T19:52:13.687554,False,,Papers,,BME_CAE1B.jpg
Sumit Dangore,,,BME_CAE2B,Documents/Sumit Dangore/Papers/BME_CAE2B.jpg,jpg,2025-10-12T19:52:13.687587,False,,Papers,,BME_CAE2B.jpg
Sumit Dangore,,,CL_CAE1,Documents/Sumit Dangore/Papers/CL_CAE1.jpg,jpg,2025-10-12T19:52:13.687620,False,,Papers,,CL_CAE1.jpg
Sumit Dangore,,,CS_CAE1,Documents/Sumit Dangore/Papers/CS_CAE1.jpg,jpg,2025-10-12T19:52:13.687705,False,,Papers,,CS_CAE1.jpg
Sumit Dangore,,,CS_CAE2,Documents/Sumit Dangore/Papers/CS_CAE2.jpg,jpg,2025-10-12T19:52:13.687742,False,,Papers,,CS_CAE2.jpg
Sumit Dangore,,,EC_CAE1,Documents/Sumit Dangore/Papers/EC_CAE1.jpg,jpg,2025-10-12T19:52:13.687776,False,,Papers,,EC_CAE1.jpg
Sumit Dangore,,,EC_CAE2,Documents/Sumit Dangore/Papers/EC_CAE2.jpg,jpg,2025-10-12T19:52:13.687808,False,,Papers,,EC_CAE2.jpg
Sumit Dangore,,,EC_ESE,Documents/Sumit Dangore/Papers/EC_ESE.jpg,jpg,2025-10-12T19:52:13.687841,False,,Papers,,EC_ESE.jpg
Sumit Dangore,,,EC_ESE2,Documents/Sumit Dangore/Papers/EC_ESE2.jpg,jpg,2025-10-12T19:52:13.687876,False,,Papers,,EC_ESE2.jpg
Sumit Dangore,,,EEIM_CAE1,Documents/Sumit Dangore/Papers/EEIM_CAE1.jpg,jpg,2025-10-12T19:52:13.687910,False,,Papers,,EEIM_CAE1.jpg
Sumit Dangore,,,EP_CAE1,Documents/Sumit Dangore/Papers/EP_CAE1.jpg,jpg,2025-10-12T19:52:13.687943,False,,Papers,,EP_CAE1.jpg
Sumit Dangore,,,EP_CAE2,Documents/Sumit Dangore/Papers/EP_CAE2.jpg,jpg,2025-10-12T19:52:13.687976,False,,Papers,,EP_CAE2.jpg
Sumit Dangore,,,EP_ESE,Documents/Sumit Dangore/Papers/EP_ESE.jpg,jpg,2025-10-12T19:52:13.688009,False,,Papers,,EP_ESE.jpg
Sumit Dangore,,,EP_ESE_b,Documents/Sumit Dangore/Papers/EP_ESE_b.jpg,jpg,2025-10-12T19:52:13.688042,False,,Papers,,EP_ESE_b.jpg
Sumit Dangore,,,IC&DE_CAE1,Documents/Sumit Dangore/Papers/IC&DE_CAE1.jpg,jpg,2025-10-12T19:52:13.688077,False,,Papers,,IC&DE_CAE1.jpg
Sumit Dangore,,,IC&DE_ESE,Documents/Sumit Dangore/Papers/IC&DE_ESE.jpg,jpg,2025-10-12T19:52:13.688111,False,,Papers,,IC&DE_ESE.jpg
Sumit Dangore,,,IC&DE_ESE_b,Documents/Sumit Dangore/Papers/IC&DE_ESE_b.jpg,jpg,2025-10-12T19:52:13.688144,False,,Papers,,IC&DE_ESE_b.jpg
Sumit Dangore,,,IC&DE_ESE_vac25,Documents/Sumit Dangore/Papers/IC&DE_ESE_vac25.jpg,jpg,2025-10-12T19:52:13.688181,False,,Papers,,IC&DE_ESE_vac25.jpg
Sumit Dangore,,,IC&DE_ESE_vac25_b,Documents/Sumit Dangore/Papers/IC&DE_ESE_vac25_b.jpg,jpg,2025-10-12T19:52:13.688214,False,,Papers,,IC&DE_ESE_vac25_b.jpg
Sumit Dangore,,,IKS_CAE1,Documents/Sumit Dangore/Papers/IKS_CAE1.jpg,jpg,2025-10-12T19:52:13.688248,False,,Papers,,IKS_CAE1.jpg
Sumit Dangore,,,IKS_CAE2,Documents/Sumit Dangore/Papers/IKS_CAE2.jpg,jpg,2025-10-12T19:52:13.688279,False,,Papers,,IKS_CAE2.jpg
Sumit Dangore,,,IKS_ESE,Documents/Sumit Dangore/Papers/IKS_ESE.jpg,jpg,2025-10-12T19:52:13.688314,False,,Papers,,IKS_ESE.jpg
Sumit Dangore,,,IKS_ESE_b,Documents/Sumit Dangore/Papers/IKS_ESE_b.jpg,jpg,2025-10-12T19:52:13.688348,False,,Papers,,IKS_ESE_b.jpg
Sumit Dangore,,,M&DC_CAE1,Documents/Sumit Dangore/Papers/M&DC_CAE1.jpg,jpg,2025-10-12T19:52:13.688388,False,,Papers,,M&DC_CAE1.jpg
Sumit Dangore,,,M&DC_CAE1_summ,Documents/Sumit Dangore/Papers/M&DC_CAE1_summ.jpg,jpg,2025-10-12T19:52:13.688422,False,,Papers,,M&DC_CAE1_summ.jpg
Sumit Dangore,,,M&DC_ESE,Documents/Sumit Dangore/Papers/M&DC_ESE.jpg,jpg,2025-10-12T19:52:13.688603,False,,Papers,,M&DC_ESE.jpg
Sumit Dangore,,,M&DC_ESE_b,Documents/Sumit Dangore/Papers/M&DC_ESE_b.jpg,jpg,2025-10-12T19:52:13.688684,False,,Papers,,M&DC_ESE_b.jpg
Sumit Dangore,,,NA_CAE1,Documents/Sumit Dangore/Papers/NA_CAE1.jpg,jpg,2025-10-12T19:52:13.688734,False,,Papers,,NA_CAE1.jpg
Sumit Dangore,,,PPS_CAE1,Documents/Sumit Dangore/Papers/PPS_CAE1.jpg,jpg,2025-10-12T19:52:13.688775,False,,Papers,,PPS_CAE1.jpg
Sumit Dangore,,,PPS_CAE2,Documents/Sumit Dangore/Papers/PPS_CAE2.jpg,jpg,2025-10-12T19:52:13.688796,False,,Papers,,PPS_CAE2.jpg
Sumit Dangore,,,PPS_ESE,Documents/Sumit Dangore/Papers/PPS_ESE.jpg,jpg,2025-10-12T19:52:13.688815,False,,Papers,,PPS_ESE.jpg
Sumit Dangore,,,PPS_ESE_b1,Documents/Sumit Dangore/Papers/PPS_ESE_b1.jpg,jpg,2025-10-12T19:52:13.688834,False,,Papers,,PPS_ESE_b1.jpg
Sumit Dangore,,,VOC1_CAE1,Documents/Sumit Dangore/Papers/VOC1_CAE1.jpg,jpg,2025-10-12T19:52:13.688853,False,,Papers,,VOC1_CAE1.jpg
Sumit Dangore,,,VOC1_CAE2,Documents/Sumit Dangore/Papers/VOC1_CAE2.jpg,jpg,2025-10-12T19:52:13.688872,False,,Papers,,VOC1_CAE2.jpg
Sumit Dangore,,,VOC_CAE1,Documents/Sumit Dangore/Papers/VOC_CAE1.jpg,jpg,2025-10-12T19:52:13.688891,False,,Papers,,VOC_CAE1.jpg
Sumit Dangore,,,VOC_CAE2,Documents/Sumit Dangore/Papers/VOC_CAE2.jpg,jpg,2025-10-12T19:52:13.688909,False,,Papers,,VOC_CAE2.jpg
AbhiHub,,U1,DV_U1_NOTES,Documents/AbhiHub/NOTES/DV_U1_NOTES.pdf,pdf,2025-08-13T23:54:43.667295,True,DV,NOTES,,NOTES
AbhiHub,,U2,DV_U2_NOTES,Documents/AbhiHub/NOTES/DV_U2_NOTES.pdf,pdf,2025-08-13T23:54:43.667321,True,DV,NOTES,,NOTES
AbhiHub,,CAE2,ACS_CAE2_2024,Documents/AbhiHub/Papers/ACS_CAE2_2024.jpg,jpg,2025-08-13T23:54:43.667342,True,ACS,Papers,,2024
AbhiHub,,ESE,AIKRR_ESE_2023,Documents/AbhiHub/Papers/AIKRR_ESE_2023.jpg,jpg,2025-08-13T23:54:43.667362,True,AIKRR,Papers,,2023
AbhiHub,,ESE,CAO_ESE_2023,Documents/AbhiHub/Papers/CAO_ESE_2023.jpg,jpg,2025-08-13T23:54:43.667382,True,CAO,Papers,,2023
AbhiHub,,CAE1,CN_CAE1_2024,Documents/AbhiHub/Papers/CN_CAE1_2024.jpg,jpg,2025-08-13T23:54:43.667410,True,CN,Papers,,2024
AbhiHub,,CAE2,CP_CAE2_2022-23,Documents/AbhiHub/Papers/CP_CAE2_2022-23.jpg,jpg,2025-08-13T23:54:43.667431,True,CP,Papers,,2022-23
AbhiHub,,CAE,CP_CAE_2022-23,Documents/AbhiHub/Papers/CP_CAE_2022-23.jpg,jpg,2025-08-13T23:54:43.667449,True,CP,Papers,,2022-23
AbhiHub,,ESE,CP_ESE_2023,Documents/AbhiHub/Papers/CP_ESE_2023.jpg,jpg,2025-08-13T23:54:43.667468,True,CP,Papers,,2023
AbhiHub,,CAE1,DAA_CAE1_2023-24,Documents/AbhiHub/Papers/DAA_CAE1_2023-24.jpg,jpg,2025-08-13T23:54:43.667487,True,DAA,Papers,,2023-24
AbhiHub,,ESE,DMGT_ESE_2023,Documents/AbhiHub/Papers/DMGT_ESE_2023.jpg,jpg,2025-08-13T23:54:43.667509,True,DMGT,Papers,,2023
AbhiHub,,2023,DSA_2023_2023_b,Documents/AbhiHub/Papers/DSA_2023_2023_b.jpg,jpg,2025-08-13T23:54:43.667541,True,DSA,Papers,,2023
AbhiHub,,CAE2,DSA_CAE2_2023,Documents/AbhiHub/Papers/DSA_CAE2_2023.jpg,jpg,2025-08-13T23:54:43.667560,True,DSA,Papers,,2023
AbhiHub,,ESE,DSA_ESE_2023,Documents/AbhiHub/Papers/DSA_ESE_2023.jpg,jpg,2025-08-13T23:54:43.667578,True,DSA,Papers,,2023
AbhiHub,,CAE2,DV_CAE2_2024-25,Documents/AbhiHub/Papers/DV_CAE2_2024-25.png,png,2025-08-13T23:54:43.667597,True,DV,Papers,,2024-25
AbhiHub,,CAE1,EC_CAE1_2022-23,Documents/AbhiHub/Papers/EC_CAE1_2022-23.jpg,jpg,2025-08-13T23:54:43.667614,True,EC,Papers,,2022-23
AbhiHub,,CAE2,EC_CAE2_2022-23,Documents/AbhiHub/Papers/EC_CAE2_2022-23.jpg,jpg,2025-08-13T23:54:43.667631,True,EC,Papers,,2022-23
AbhiHub,,ESE,EC_ESE_2022,Documents/AbhiHub/Papers/EC_ESE_2022.jpg,jpg,2025-08-13T23:54:43.667649,True,EC,Papers,,2022
AbhiHub,,CAE1,EP_CAE1_2022,Documents/AbhiHub/Papers/EP_CAE1_2022.jpg,jpg,2025-08-13T23:54:43.667668,True,EP,Papers,,2022
AbhiHub,,ESE,EP_ESE_2023,Documents/AbhiHub/Papers/EP_ESE_2023.jpg,jpg,2025-08-13T23:54:43.667686,True,EP,Papers,,2023
AbhiHub,,ESE,EP_ESE_2023_B,Documents/AbhiHub/Papers/EP_ESE_2023_B.jpg,jpg,2025-08-13T23:54:43.667705,True,EP,Papers,,2023
AbhiHub,,CAE1,FDA_CAE1_2022-23,Documents/AbhiHub/Papers/FDA_CAE1_2022-23.jpg,jpg,2025-08-13T23:54:43.667723,True,FDA,Papers,,2022-23
AbhiHub,,CAE2,FDA_CAE2_2022-23,Documents/AbhiHub/Papers/FDA_CAE2_2022-23.jpg,jpg,2025-08-13T23:54:43.667740,True,FDA,Papers,,2022-23
AbhiHub,,ESE,FDA_ESE_2023,Documents/AbhiHub/Papers/FDA_ESE_2023.jpg,jpg,2025-08-13T23:54:43.667759,True,FDA,Papers,,2023
AbhiHub,,ESE,FL&A_ESE_2024,Documents/AbhiHub/Papers/FL&A_ESE_2024.jpg,jpg,2025-08-13T23:54:43.667777,True,FL&A,Papers,,2024
AbhiHub,,ESE,FL&A_ESE_2024_b,Documents/AbhiHub/Papers/FL&A_ESE_2024_b.jpg,jpg,2025-08-13T23:54:43.667795,True,FL&A,Papers,,2024
AbhiHub,,CAE1,FLA_CAE1_2024,Documents/AbhiHub/Papers/FLA_CAE1_2024.jpg,jpg,2025-08-13T23:54:43.667815,True,FLA,Papers,,2024
AbhiHub,,CAE1,ICDE_CAE1_2023 (2),Documents/AbhiHub/Papers/ICDE_CAE1_2023 (2).jpg,jpg,2025-08-13T23:54:43.667834,True,ICDE,Papers,,2023 (2)
AbhiHub,,CAE1,ICDE_CAE1_2023,Documents/AbhiHub/Papers/ICDE_CAE1_2023.jpg,jpg,2025-08-13T23:54:43.667883,True,ICDE,Papers,,2023
AbhiHub,,CAE2,ICDE_CAE2_2023,Documents/AbhiHub/Papers/ICDE_CAE2_2023.jpg,jpg,2025-08-13T23:54:43.667907,True,ICDE,Papers,,2023
AbhiHub,,ESE,ICDE_ESE_2023,Documents/AbhiHub/Papers/ICDE_ESE_2023.jpg,jpg,2025-08-13T23:54:43.667930,True,ICDE,Papers,,2023
AbhiHub,,CAE1,IDDC_CAE1_2022-23,Documents/AbhiHub/Papers/IDDC_CAE1_2022-23.jpg,jpg,2025-08-13T23:54:43.667945,True,IDDC,Papers,,2022-23
AbhiHub,,CAE2,IDDC_CAE2_2022-23,Documents/AbhiHub/Papers/IDDC_CAE2_2022-23.jpg,jpg,2025-08-13T23:54:43.667963,True,IDDC,Papers,,2022-23
AbhiHub,,ESE,IDDC_ESE_2023,Documents/AbhiHub/Papers/IDDC_ESE_2023.jpg,jpg,2025-08-13T23:54:43.667981,True,IDDC,Papers,,2023
AbhiHub,,CAE1,LA&S_CAE1_2022-23,Documents/AbhiHub/Papers/LA&S_CAE1_2022-23.jpg,jpg,2025-08-13T23:54:43.668001,True,LA&S,Papers,,2022-23
AbhiHub,,CAE2,LA&S_CAE2_2022-23,Documents/AbhiHub/Papers/LA&S_CAE2_2022-23.jpg,jpg,2025-08-13T23:54:43.668019,True,LA&S,Papers,,2022-23
AbhiHub,,ESE,LA&S_ESE_2022,Documents/AbhiHub/Papers/LA&S_ESE_2022.jpg,jpg,2025-08-13T23:54:43.668038,True,LA&S,Papers,,2022
AbhiHub,,ESE,LA&S_ESE_2022_b,Documents/AbhiHub/Papers/LA&S_ESE_2022_b.jpg,jpg,2025-08-13T23:54:43.668058,True,LA&S,Papers,,2022
AbhiHub,,CAE1,M&DC_CAE1_2022-23,Documents/AbhiHub/Papers/M&DC_CAE1_2022-23.jpg,jpg,2025-08-13T23:54:43.668078,True,M&DC,Papers,,2022-23
AbhiHub,,CAE2,M&DC_CAE2_2022-23,Documents/AbhiHub/Papers/M&DC_CAE2_2022-23.jpg,jpg,2025-08-13T23:54:43.668099,True,M&DC,Papers,,2022-23
AbhiHub,,ESE,M&DC_ESE_2022,Documents/AbhiHub/Papers/M&DC_ESE_2022.jpg,jpg,2025-08-13T23:54:43.668119,True,M&DC,Papers,,2022
AbhiHub,,CAE1,MDC_CAE1_2022-23,Documents/AbhiHub/Papers/MDC_CAE1_2022-23.jpg,jpg,2025-08-13T23:54:43.668138,True,MDC,Papers,,2022-23
AbhiHub,,CAE2,MDC_CAE2_2022-23,Documents/AbhiHub/Papers/MDC_CAE2_2022-23.jpg,jpg,2025-08-13T23:54:43.668157,True,MDC,Papers,,2022-23
AbhiHub,,ESE,MDC_ESE_2022 (2),Documents/AbhiHub/Papers/MDC_ESE_2022 (2).jpg,jpg,2025-08-13T23:54:43.668176,True,MDC,Papers,,2022 (2)
AbhiHub,,ESE,MDC_ESE_2022,Documents/AbhiHub/Papers/MDC_ESE_2022.jpg,jpg,2025-08-13T23:54:43.668196,True,MDC,Papers,,2022
AbhiHub,,CAE,MLA_CAE_1,Documents/AbhiHub/Papers/MLA_CAE_1.jpg,jpg,2025-08-13T23:54:43.668226,True,MLA,Papers,,1
AbhiHub,,CAE1,OS_CAE1_2023-2024,Documents/AbhiHub/Papers/OS_CAE1_2023-2024.jpg,jpg,2025-08-13T23:54:43.668248,True,OS,Papers,,2023-2024
AbhiHub,,ESE,OS_ESE_2023,Documents/AbhiHub/Papers/OS_ESE_2023.jpg,jpg,2025-08-13T23:54:43.668266,True,OS,Papers,,2023
AbhiHub,,ESE,PL&DUC_ESE_2022,Documents/AbhiHub/Papers/PL&DUC_ESE_2022.jpg,jpg,2025-08-13T23:54:43.668282,True,PL&DUC,Papers,,2022
AbhiHub,,ESE,PL&UDC_ESE_2022,Documents/AbhiHub/Papers/PL&UDC_ESE_2022.jpg,jpg,2025-08-13T23:54:43.668297,True,PL&UDC,Papers,,2022
AbhiHub,,ESE,SEPM_ESE_2023,Documents/AbhiHub/Papers/SEPM_ESE_2023.jpg,jpg,2025-08-13T23:54:43.668313,True,SEPM,Papers,,2023
AbhiHub,,CAE1,TNM_CAE1_2024,Documents/AbhiHub/Papers/TNM_CAE1_2024.jpg,jpg,2025-08-13T23:54:43.668331,True,TNM,Papers,,2024
AbhiHub,,CAE1,UIUX_CAE1_2024,Documents/AbhiHub/Papers/UIUX_CAE1_2024.jpg,jpg,2025-08-13T23:54:43.668357,True,UIUX,Papers,,2024
AbhiHub,,ESE,UIUX_ESE_2024,Documents/AbhiHub/Papers/UIUX_ESE_2024.jpg,jpg,2025-08-13T23:54:43.668375,True,UIUX,Papers,,2024
AbhiHub,,SYLLABUS,DV_SYLLABUS,Documents/AbhiHub/SYLLABUS/DV_SYLLABUS.pdf,pdf,2025-08-13T23:54:43.668392,True,DV,SYLLABUS,,
Abhijeet Shende,2025,,Practical 1-Writeup,Documents/Abhijeet Shende/Practical/2025/Data Visualization/Practical 1-Writeup.pdf,pdf,,,DV(Data Visualization),Practicals,https://storage.googleapis.com/abhi-hub.appspot.com/Documents/Abhijeet%20Shende/Practical/2025/Data%20Visualization/Practical%201-Writeup.pdf?X-Goog-Algorithm=GOOG4-RSA-SHA256&X-Goog-Credential=firebase-adminsdk-6gamz%40abhi-hub.iam.gserviceaccount.com%2F20250722%2Fauto%2Fstorage%2Fgoog4_request&X-Goog-Date=20250722T060703Z&X-Goog-Expires=3600&X-Goog-SignedHeaders=host&X-Goog-Signature=a6af8237739e87619d26a128a92d64004fec646597affcb87504b3d1de2d4f4eee24c77ed5a032e16438f9fb0a3a27c30ba6e1dd82319a1f78f1054e1effc94f3fc09f929397297835252de08bc3b0ba6521221e2c0e07254677aa482be66fbee95ea4d75904c840de71ae279c24fb857800dadebda0a5e795a31559dac208059178302a3155a5f906b43a08842f33fb530b665b1775a0c80b60345600b62aaf5c02ef3591237a4a5bfae856d641da6ef21c32813ae88f2dff924c3a1ae6e92b9b65eb72c977d874dfc7b0d790868517de87d35b283a74dbf28f434c82c7a5e98627be43720221c3da4bf0620ba6e3baa38e58f34f7d88e1f823200491437d8c,
Ujjwal Patle,2024,,UHV-U3,Documents/Ujjwal Patle/Notes/2024/UHV/UHV-U3.pdf,pdf,,,UHV,Notes,https://storage.googleapis.com/abhi-hub.appspot.com/Documents/Ujjwal%20Patle/Notes/2024/UHV/UHV-U3.pdf?X-Goog-Algorithm=GOOG4-RSA-SHA256&X-Goog-Credential=firebase-adminsdk-6gamz%40abhi-hub.iam.gserviceaccount.com%2F20250507%2Fauto%2Fstorage%2Fgoog4_request&X-Goog-Date=20250507T075351Z&X-Goog-Expires=3600&X-Goog-SignedHeaders=host&X-Goog-Signature=4298be2e3bb956fa89f89ef180ad98440f014a81cb3d475f4f38b9f6f8a899b61e77f789ac9551609cb102ed6d07b68df37bc129017b5e03c5c24646efc18705bd5491355f49364640402f8480a60ff18e2b65b91b01f95bae38d8b966f702c0a6041df0471a623da9f9afd488e8e17de1103909b0da2ba606d68b6b7b7993500aaa6809bb886d8af6864e0be433eb26b55c8de2c513c8ccad1b070ad7c20e831f8b16f72aa3827558cdcc519f53fcbfabb217e7be02efddec6f5b1a3db654428f724557fd7cb0ff7eefa56ef9e4e1ea4dc040c3330cd31ed7647fa8e8612be8e1d166d7b890c6c11daa262179e276dc2658e7e0d0dfc7139883da3686a9eca2,
Ujjwal Patle,2024,,UHV-U4,Documents/Ujjwal Patle/Notes/2024/UHV/UHV-U4.pdf,pdf,,,UHV,Notes,https://storage.googleapis.com/abhi-hub.appspot.com/Documents/Ujjwal%20Patle/Notes/2024/UHV/UHV-U4.pdf?X-Goog-Algorithm=GOOG4-RSA-SHA256&X-Goog-Credential=firebase-adminsdk-6gamz%40abhi-hub.iam.gserviceaccount.com%2F20250507%2Fauto%2Fstorage%2Fgoog4_request&X-Goog-Date=20250507T075351Z&X-Goog-Expires=3600&X-Goog-SignedHeaders=host&X-Goog-Signature=84afeb7ba33bd50a1bab2aaee1196cba4bb02afebf2d7bc4b7acb6eca16071315d7490345350c0ea8cf25fbafbe67621dd9fdf937c1936f8cde27769d680fd08a2e7b239b7951d06974fec2fe552b93ff7c94bd6657466d7180731128e772002bbcecc21478652af7c7238d5396ba5d51e71fe86bee6f894c078818b1c7cb9dd2a3cfeed7977d2a8ff00f0082a980b234d7f2b0f41b3b07521c1d204261cd4b288808bd5828496e4b2faa661ac3d7de2df04f9e0f2a1a0b960a41238cd697b0afc9f3c1ff2cb803a685beb80551e43adb2b85e58bf7fda818db1f761a2f1d86ed7f466a730359ac64793681fe88e11af7a36cd3e441d9963385ae0ecb8b975cd,
Ujjwal Patle,2024,,UHV-U5,Documents/Ujjwal Patle/Notes/2024/UHV/UHV-U5.pdf,pdf,,,UHV,Notes,https://storage.googleapis.com/abhi-hub.appspot.com/Documents/Ujjwal%20Patle/Notes/2024/UHV/UHV-U5.pdf?X-Goog-Algorithm=GOOG4-RSA-SHA256&X-Goog-Credential=firebase-adminsdk-6gamz%40abhi-hub.iam.gserviceaccount.com%2F20250507%2Fauto%2Fstorage%2Fgoog4_request&X-Goog-Date=20250507T075351Z&X-Goog-Expires=3600&X-Goog-SignedHeaders=host&X-Goog-Signature=3519bb04e3570919c9d7c1f8ba98ad89c58229ea39df9f50f62f20f166a69fd8dc401d9ca5c4ed558bf106230e6afc55e1a7dfec71762c344295e68d32ccc1e01fa08f196e342d857bd9bb075e5a09432b6749662949408fea6a88a4af3e9a9797bf5ed11f7ca39190082b9c020302032d6eed353d03cf793643b1f8ffd8ccb0f53ee3efbd9d52d667e2dd0472fe16c81eb01c05d4d333319384f8293aa6c1c332db17256841c30030949056c201196d677163173d5bafc01543845d2bec1d5fb6e3c4ddd27b91bc90d428b986620d0d50502d8bc2a69e3e21181dbf0ad6d8fad32440d4fd62f4bb89a6b699d371dc967c05c9a375cb4053a10a9d0154dcf902,
Abhijeet Shende,2025,,Cover-Letter,Documents/Abhijeet Shende/Notes/2025/HE/Cover-Letter.pdf,pdf,,,HE,Notes,https://storage.googleapis.com/abhi-hub.appspot.com/Documents/Abhijeet%20Shende/Notes/2025/HE/Cover-Letter.pdf?X-Goog-Algorithm=GOOG4-RSA-SHA256&X-Goog-Credential=firebase-adminsdk-6gamz%40abhi-hub.iam.gserviceaccount.com%2F20250422%2Fauto%2Fstorage%2Fgoog4_request&X-Goog-Date=20250422T163531Z&X-Goog-Expires=3600&X-Goog-SignedHeaders=host&X-Goog-Signature=12ae2ebf9ca169709a578ceab61adfdf59b383e3b2bbdb40ef9b36681f9da9f37401c949712f726eb4a307332c5fa60b1042354ad2e0a8a98eb52c340b10b3e403225b49b5959fb22621b7b5f6a40bb54ab536066f135eaef19113f5445131e2cda6107e8bfc327f447959d7ad70237bdd8575b62c7c9afe701eb65dd4527e203969a248dbe778d29f71a3e940c5c4ac453ee80197ec21a3f4ec5b7dc45102fc1978b5090105a4d0d3df3a752fdf0e04302bbc0f9944e5e88fe6e0d744fa518495b23228f41d7a9799207bcd50f3f4291f623672a7e40a5c6b5fff12693b639b10240e80a1e5188ea7f193e04b99ed09ecfec3f750e750f3045b8228ddb7edd8,
Abhijeet Shende,2025,,Interview-Preparedness,Documents/Abhijeet Shende/Notes/2025/HE/Interview-Preparedness.pdf,pdf,,,HE,Notes,https://storage.googleapis.com/abhi-hub.appspot.com/Documents/Abhijeet%20Shende/Notes/2025/HE/Interview-Preparedness.pdf?X-Goog-Algorithm=GOOG4-RSA-SHA256&X-Goog-Credential=firebase-adminsdk-6gamz%40abhi-hub.iam.gserviceaccount.com%2F20250422%2Fauto%2Fstorage%2Fgoog4_request&X-Goog-Date=20250422T163531Z&X-Goog-Expires=3600&X-Goog-SignedHeaders=host&X-Goog-Signature=6ef9020ece3c527e2580f0ce3e1e42e2b4e5729ecb5719d5b4d9bb8b0f8f2c1f20fa190a0a1b605e69ee5c62af35815e21a96061bc85c490ca93728ce47958f3bc41d12d12f0ec94413eca5f044276d6781b8504905abbc27b2af4891d11f09d6d3f47bb82aab07e08ff7d4e74ebea88990194c9eaa7abd1ae74537e12f067b7ad9668cc3197b720bae787c4e2e0b720511a402fa83403b833f44f8de8746926f2975eeb13c4238d5923f701aa0a1f361c3139489032edb220cec97d0ac62e509f0f750dc6621a07e92c9e2c47781f2377e1af6a2243b8842f1a657f693a9c3ef8ac98f9f48f0bb25320f4609bfad0f9d84649cf978d825ccca8c87133de3366,
Abhijeet Shende,2025,,Resume,Documents/Abhijeet Shende/Notes/2025/HE/Resume.pdf,pdf,,,HE,Notes,https://storage.googleapis.com/abhi-hub.appspot.com/Documents/Abhijeet%20Shende/Notes/2025/HE/Resume.pdf?X-Goog-Algorithm=GOOG4-RSA-SHA256&X-Goog-Credential=firebase-adminsdk-6gamz%40abhi-hub.iam.gserviceaccount.com%2F20250422%2Fauto%2Fstorage%2Fgoog4_request&X-Goog-Date=20250422T163531Z&X-Goog-Expires=3600&X-Goog-SignedHeaders=host&X-Goog-Signature=5ed31aad6d595538b919e825a6eec9699cc12e43c0b0e0613b877ac9130420899eaf89b905d6787d232957ed391f50e1edfb931940442b45d9d4e260413b61bfee408f229b952ce157d263d084e8df28337a5f9b50bebea628abe192dc9378c7c9adfa723bcf0d263dfbb3b6dd712b99930577c1b6aabc053f9080677699277cc365bcc2498f6d98539c1827c80ca523077c2772865de94a393af99465cded79db0ba39a53e35b157ab1333af370813c2b4b5687127e47e84f8eb148458377f75fcbe259115bed88898b1699b7a8c3529c547d42ed8d5a3d011ac078094abdc9b629f124f98a3fa5324dc20731f9c309cf2167896fdfda1ff7e9621cecdb80df,
Abhijeet Shende,2025,,Self-leadership,Documents/Abhijeet Shende/Notes/2025/HE/Self-leadership.pdf,pdf,,,HE,Notes,https://storage.googleapis.com/abhi-hub.appspot.com/Documents/Abhijeet%20Shende/Notes/2025/HE/Self-leadership.pdf?X-Goog-Algorithm=GOOG4-RSA-SHA256&X-Goog-Credential=firebase-adminsdk-6gamz%40abhi-hub.iam.gserviceaccount.com%2F20250422%2Fauto%2Fstorage%2Fgoog4_request&X-Goog-Date=20250422T163531Z&X-Goog-Expires=3600&X-Goog-SignedHeaders=host&X-Goog-Signature=0ae3565544401be7158fd64d6c2aefe8ca71276e8d4056708f536438f584cb4d752e8fdf32b78af8c73375b580061e24383e9ae25e38d6b81e7ed145db0175024e32d12106a36d2cbba49739e2c1d6447b2846b60a47b9b1cb858c09d5ad8fb746053d66c8109a3f7ad4bdc83040d15cd26fbf5061e7723c775cc27511d95587d0d4380d2349ed971865babe549a9aad3ae99c0cf17fa32ceb70d100b3e8109d48f8038570db90d8fd054606ebaaf6f5d69a98737139faf252f1ac773b4381ffa0aad6c4e5f3678fabb1ea775ac924f9424118992dffe0f68671970f8b243d596f4fbd3d4a3318095bcba4e54f9561003880118bb44e91baa30b123d6b53f189,
Abhijeet Shende,2025,,Social-Intellegence,Documents/Abhijeet Shende/Notes/2025/HE/Social-Intellegence.pdf,pdf,,,HE,Notes,https://storage.googleapis.com/abhi-hub.appspot.com/Documents/Abhijeet%20Shende/Notes/2025/HE/Social-Intellegence.pdf?X-Goog-Algorithm=GOOG4-RSA-SHA256&X-Goog-Credential=firebase-adminsdk-6gamz%40abhi-hub.iam.gserviceaccount.com%2F20250422%2Fauto%2Fstorage%2Fgoog4_request&X-Goog-Date=20250422T163531Z&X-Goog-Expires=3600&X-Goog-SignedHeaders=host&X-Goog-Signature=2f9ddc16fbc249e412c625d5d95305b95eb42933c637c5e8972be2bd4cf85b7c8394c01fad4518f7a877023e388b3eb7e893d4b2565c7781474c1738986d96f55f534d0d8135a20481a6df6b35c1e953d7266ec365d94ee217ce5608d9c61b17488fc9f09a18d73fc2fa06c17ba91a839e57f71fa7339dad8430bcb989a925aa61ef86dc52afa23fcf58e91c187f45c4689338c6a195bea18cc294d9081e6bc6ed7a5a6321eaa33cfe7dcb7441172448d1531f2b83100cb2ca667195916a970bb92de7b37223f9eec4bda0474a7aebd9c828948af2c25579ee18ff23bd6c3ac67c65d0651babe8f6e7d160b33026c2dd48cdc567a6d9e88cf2db3c55237953b4,
Abhijeet Shende,2025,,gd,Documents/Abhijeet Shende/Notes/2025/HE/gd.pdf,pdf,,,HE,Notes,https://storage.googleapis.com/abhi-hub.appspot.com/Documents/Abhijeet%20Shende/Notes/2025/HE/gd.pdf?X-Goog-Algorithm=GOOG4-RSA-SHA256&X-Goog-Credential=firebase-adminsdk-6gamz%40abhi-hub.iam.gserviceaccount.com%2F20250422%2Fauto%2Fstorage%2Fgoog4_request&X-Goog-Date=20250422T163531Z&X-Goog-Expires=3600&X-Goog-SignedHeaders=host&X-Goog-Signature=3c763e26f2c00524eea1336eb890a0203a378bf399790ec7f78ef599b1b9a3c4118bce4684bc9a114f29ddb5cd95161d00103d235034d77aff2869a6b40ba87cf4f19d86ae51b7d362dd9f7b3b697356cf6b2c7b5458e0757cddf7d1982c429ef14e917dc5284f7c33364bba3774cb6cf951fe8cbdf3617b64e7a2c03607458c69406dd36c78b1981c7c5f35e0e2c50d5a33e740d5524d7683493a599d43a639c551796942f23b6a50a1cab8ad880f894596bc8f4f0e988dabbaedfb84009f0a425d9c800bac1eede34d29eb5410ea456d0d70a7d2015eb609a023ead847520b67c8a63ee963572c6442a49f12189834ae32dd76d4172fc2f338a3bc842a0165,
Abhijeet Shende,2025,,interpersonal-skills,Documents/Abhijeet Shende/Notes/2025/HE/interpersonal-skills.pdf,pdf,,,HE,Notes,https://storage.googleapis.com/abhi-hub.appspot.com/Documents/Abhijeet%20Shende/Notes/2025/HE/interpersonal-skills.pdf?X-Goog-Algorithm=GOOG4-RSA-SHA256&X-Goog-Credential=firebase-adminsdk-6gamz%40abhi-hub.iam.gserviceaccount.com%2F20250422%2Fauto%2Fstorage%2Fgoog4_request&X-Goog-Date=20250422T163531Z&X-Goog-Expires=3600&X-Goog-SignedHeaders=host&X-Goog-Signature=a3898204f9e7180c9a23d7127f30e1486a1f60785bad7e0b3aae46ce3ed21981e00ce63515bf7d3cf78757dd12c03c50f2a7f616b222ce8b90c44e596372f08fdec2cfbe1dbfe65cebb008386e9cd2121f301d1ad3e1d9f599a294ae0263698d1a1c836e468d49d9bdab75302a3e66c5b74342e769d0c8fe1a614d2cfea1e01f344c94c2acdc4ba79dc5c1caf2fe681ff07efd2901fac0a797fddefdae32e7d093d2c514f0597515bd282ce1a878b053a85eb1fa25b323f338df40e66c5de68be78882f0f8f694ca9070a6b423bacbd8f1e9c118955d68b646e8243129ec4bfcb532430b8bb0c034f103d3c403e2f1c6d6f8db55ceacf7a73ea60822c6423f24,
Abhijeet Shende,2022,,MapReduce digram-U3,Documents/Abhijeet Shende/Other/2022/MapReduce digram/MapReduce digram-U3.jpg,jpg,,,MapReduce digram,Other,https://storage.googleapis.com/abhi-hub.appspot.com/Documents/Abhijeet%20Shende/Other/2022/MapReduce%20digram/MapReduce%20digram-U3.jpg?X-Goog-Algorithm=GOOG4-RSA-SHA256&X-Goog-Credential=firebase-adminsdk-6gamz%40abhi-hub.iam.gserviceaccount.com%2F20250422%2Fauto%2Fstorage%2Fgoog4_request&X-Goog-Date=20250422T163531Z&X-Goog-Expires=3600&X-Goog-SignedHeaders=host&X-Goog-Signature=4c440d77d5c52f51abe68f964b4f68570a549773d9003f3756057ef818c4b11c92d0d80675d66a6b2e48aa12d5c35337f1520c5e173fdbe019e18c2bfc5609ad4ca9d75b872d4b3d575f17a7ed9f7def2effecc21b3e6590acda0f669532c5d7740c1da1214f3f1bf7e8b9136e1350962e5cc665276cc858a4b5080ccdf8b24b93fb2071d9aec59d8a2fa87a5f839cbbd8c08fec4e9b6374594cdb74a6d36c83276ad12826a4f6115ad992137735b8d9acb73c1f9a4db751b7a353c701b3bf7a64a12cb0f2bfba7b3ca2c5ac9b5d283c020f6d320dadcb85a91ddfff6c02a67abac5fb171718fed7b9530e53627d3e8ca5ad146e2dad1b0d17d4d41a2e48d4eb,
MOHIT HATWAR,2025,,DAA-U1,Documents/MOHIT HATWAR/Notes/2025/DAA/DAA-U1.pdf,pdf,,,DAA,Notes,https://storage.googleapis.com/abhi-hub.appspot.com/Documents/MOHIT%20HATWAR/Notes/2025/DAA/DAA-U1.pdf?X-Goog-Algorithm=GOOG4-RSA-SHA256&X-Goog-Credential=firebase-adminsdk-6gamz%40abhi-hub.iam.gserviceaccount.com%2F20250422%2Fauto%2Fstorage%2Fgoog4_request&X-Goog-Date=20250422T163531Z&X-Goog-Expires=3600&X-Goog-SignedHeaders=host&X-Goog-Signature=6eb00d64d9178b3002f93c26823c77a03223336f83ab8ca1e0f6c4543e086334b330a74c75a3cbc7faa28827d7dc2552b00df0f752d3b17cf9e0952137eff3ba91aebefca75c9bf811a6805648fb6dca9ef1f5e86e613c7b39609faacf0aeefd7d3ec030252183ec6c81cb9900da51419862f395d0a6e9bf7b0a5aac3811c8135c524b3a68ac2a8180add8fa7a84bd3e25b10b73256467dae5371da098daa7fdc32366f60fa2dc44a768f9ee4736622080ab93571cd068b0b9d848243507bceaea4598901757a83f8c5de1bbb17bdc6549dd34b63a42a8a92530b5d26bcc56faecf59362b4f60529a29c7483e18f2c2216765a7b5bd2d938aab0f2480b5b0d15,
MOHIT HATWAR,2025,,OE(Renewable Energy Resources)-U3,Documents/MOHIT HATWAR/Notes/2025/OE(Renewable Energy Resources)/OE(Renewable Energy Resources)-U3.pdf,pdf,,,OE(Renewable Energy Resources),Notes,https://storage.googleapis.com/abhi-hub.appspot.com/Documents/MOHIT%20HATWAR/Notes/2025/OE%28Renewable%20Energy%20Resources%29/OE%28Renewable%20Energy%20Resources%29-U3.pdf?X-Goog-Algorithm=GOOG4-RSA-SHA256&X-Goog-Credential=firebase-adminsdk-6gamz%40abhi-hub.iam.gserviceaccount.com%2F20250422%2Fauto%2Fstorage%2Fgoog4_request&X-Goog-Date=20250422T163531Z&X-Goog-Expires=3600&X-Goog-SignedHeaders=host&X-Goog-Signature=705ad8bf70145a91ec6763ec9f396a3a1efc2e0bd0687115fb56be7b114b78f598e44817dcd97ee7da2dcb11345a7458f5c5ac9e4c9f6ffd2b898fb08bf35d4f16a13f85bcafc367028a96da7136f02d3a51fb3ee6c36b9a2369b02b90beffb17aaa12e746bf2bddfdf3573968e464308bf3cbf68750379bc5fecc19e5694572a9bcd20651dee28a1451e6b7ffed7f0069c8e56fd0de88fd6a067d1609c24e1473024c982ca21a579561ae9c793daa3d9c8151fd625ab4cc1e3d94bfc42ee6f3a1308498621b951637d59e958dd3d084fad0fd5ad23db06c09f789cc88eb529de704fa974b7a3f7385a68d87ea538b370539433f7767aa67868ecd4269c60bdd,
ROHIT NINAWE,2025,,BDC-CAE3,Documents/ROHIT NINAWE/PYQ/2025/BDC-CAE3.jpg,jpg,,,BDC-CAE3.jpg,Papers,https://storage.googleapis.com/abhi-hub.appspot.com/Documents/ROHIT%20NINAWE/PYQ/2025/BDC-CAE3.jpg?X-Goog-Algorithm=GOOG4-RSA-SHA256&X-Goog-Credential=firebase-adminsdk-6gamz%40abhi-hub.iam.gserviceaccount.com%2F20250422%2Fauto%2Fstorage%2Fgoog4_request&X-Goog-Date=20250422T163531Z&X-Goog-Expires=3600&X-Goog-SignedHeaders=host&X-Goog-Signature=989bb2b69612bb3be7e92d3b8079daf959420fc583b74f7fc78dceb0cc60e86b251bd3742fed7516491b7a8b3253a0369a3cde80fc07e3cb5db4455f9340775c248a7763e57dcba3465591c0ced4ebebae07b28a217e2ca825fb3bc8d26a64026eb995edaaceed49300a6f3ab38232405c0571f8cd8a53710e3bc4e4bf355dff2ce5a39345396ab0e8877dc517eca62b99cabd457d8c002ed644aca59290ccb1a04f2c82f321400113b61dd0019a8e8ce94a20d74bc8eedb77e509e14cb87ff0d9ecca639fa6b2cb0adfa9a8291f9523d3805352328080702d2b5ca896297b4afb8e27239e04b203eee614e08a970a648ab4300cee819c8dfe6431cbd4f3e74b,
ROHIT NINAWE,2025,,CVDL-CAE3,Documents/ROHIT NINAWE/PYQ/2025/CVDL-CAE3.jpg,jpg,,,CVDL-CAE3.jpg,Papers,https://storage.googleapis.com/abhi-hub.appspot.com/Documents/ROHIT%20NINAWE/PYQ/2025/CVDL-CAE3.jpg?X-Goog-Algorithm=GOOG4-RSA-SHA256&X-Goog-Credential=firebase-adminsdk-6gamz%40abhi-hub.iam.gserviceaccount.com%2F20250422%2Fauto%2Fstorage%2Fgoog4_request&X-Goog-Date=20250422T163531Z&X-Goog-Expires=3600&X-Goog-SignedHeaders=host&X-Goog-Signature=5d2b3f8a58574494719c9053cadebecc238230e80fb04e0c27ce6929b7507647c8e3d595d6cfdbb935b068c6e8c4fe8d7c7fcd8668d4b5f5890a716f1ee1fc1d376eaa274d7ea71aae9899dc20c417e946e7220d4a208d94bfff3848db5b6fb9b418774382d24bd202bb30e0898a5c3d4dfcec9a9b7a3df746705a3aa2bf80cc3d119f327b29464123411133ab8ae25db528dea7701075f0059b2474de39d362843e6121c21f23270d4fccfdb69883465b6c7de6fc036de265e26b6892f9d2f9be115e8f6a61d89a3bbdc1161d9109c3bd40e5972b4d5f3cdc8459625c2ed762618dae1f8c20f548c185605d612ca9d8833d9f08ecb79aec9a4952ba4b9a173a,
ROHIT NINAWE,2025,,DAA-CAE3,Documents/ROHIT NINAWE/PYQ/2025/DAA-CAE3.jpg,jpg,,,DAA-CAE3.jpg,Papers,https://storage.googleapis.com/abhi-hub.appspot.com/Documents/ROHIT%20NINAWE/PYQ/2025/DAA-CAE3.jpg?X-Goog-Algorithm=GOOG4-RSA-SHA256&X-Goog-Credential=firebase-adminsdk-6gamz%40abhi-hub.iam.gserviceaccount.com%2F20250422%2Fauto%2Fstorage%2Fgoog4_request&X-Goog-Date=20250422T163531Z&X-Goog-Expires=3600&X-Goog-SignedHeaders=host&X-Goog-Signature=25878b208c3bf8a9746a1165ee703936c5db4a6ef7def9d8c73c003fcd560f2de303d9b6454868016db8663ade33a9e3cc69bdf838cbe199565f8853245ce63cf5205e0cdbc19c07cb9528b7b13caa674942c28b85458f229fe6215eb189ff60845f70ab85e19b57890d1a88f335fd2866c6e10bdfe870e59fc7581d14fe7a60e6c5939571b026dd0bc16b565cb2272de24b2266215e6267521e064b0c2ad11935d0620491a8e170c1da60b1e1541760f3f221193fd4c4720969a254a030dd5e06c73cea4e56006bde96ebb40a95d2e97553f2cd4ad06b02a57020974eb0331388228285441afa2dfa57925b88019b0511d68382d1145216f01d524fd21572df,
ROHIT NINAWE,2025,,HE-CAE3,Documents/ROHIT NINAWE/PYQ/2025/HE-CAE3.jpg,jpg,,,HE-CAE3.jpg,Papers,https://storage.googleapis.com/abhi-hub.appspot.com/Documents/ROHIT%20NINAWE/PYQ/2025/HE-CAE3.jpg?X-Goog-Algorithm=GOOG4-RSA-SHA256&X-Goog-Credential=firebase-adminsdk-6gamz%40abhi-hub.iam.gserviceaccount.com%2F20250422%2Fauto%2Fstorage%2Fgoog4_request&X-Goog-Date=20250422T163531Z&X-Goog-Expires=3600&X-Goog-SignedHeaders=host&X-Goog-Signature=17e899b7bbf3e09f9f15b05de14117c5f7b8bf4ae03ba813013399bb7f68ef121880c95e698bd06eb17cc6588890a244a37de63e3d6a50fbff08ee0790ebc514e0be385d9c7cefaa4f0b5e01fc59c8ee378d151d56444229576fef70e152f4eff9b8be2784bc34d9411cf0a69466c93b17e3628302cca7d38392160716823c185a6cf77c3bfdf0529a937f05ea6c2c98ebb39a4029d4d180c73749890fd8dc00fd8d22efcba10395678b8bcca9e155de6e1c2c021efc80f3f20383dc0dacf3fb5875ddca3eaf933d63cef56d15dad3e468c7cda8949c698d025a1d0ed0f5a7159b524d62c3d9285bf4f0cad212f87cf4dfb3e2f35b18c9f791ffbec28f5ac511,
ROHIT NINAWE,2025,,Nanaotechnology-CAE3,Documents/ROHIT NINAWE/PYQ/2025/Nanaotechnology-CAE3.jpg,jpg,,,Nanaotechnology-CAE3.jpg,Papers,https://storage.googleapis.com/abhi-hub.appspot.com/Documents/ROHIT%20NINAWE/PYQ/2025/Nanaotechnology-CAE3.jpg?X-Goog-Algorithm=GOOG4-RSA-SHA256&X-Goog-Credential=firebase-adminsdk-6gamz%40abhi-hub.iam.gserviceaccount.com%2F20250422%2Fauto%2Fstorage%2Fgoog4_request&X-Goog-Date=20250422T163531Z&X-Goog-Expires=3600&X-Goog-SignedHeaders=host&X-Goog-Signature=0c2c13b5e2f845a9726c74dc1e6ce7b10957e805ee67cf03ffc2d69d658c1770821eb3be7b6b5268bb435d3e7feaaaa0b47c8aec24fa0bb69f5973889b97f35c68e88eb2b7495cee026e8a96f393dfa4d5fe374c282cc7e8916fc39ab6b939e7bbc11f8907cbfe6ad6828c27c1ef6236f7089cc8b5a37df0be60667a99c5d9c77347b4e6ed02518bf3b9a2cc0d2856e778fc080dbf4ea3ad9499e87e8dae737559cf62c0e54f3b8865b0ff50979e7d0eb01be2dab76707361f4fd5a6b73af70c9ce644f2bf84218c32dbdd1a086dc82814d096eb0c68b7cb97d4d9a838b9f147c61e634ae199dec91521ca1f55ad0c3f1c83d124e23ea9d65aa7146557fe1f25,
ROHIT NINAWE,2025,,UHV-CAE3,Documents/ROHIT NINAWE/PYQ/2025/UHV-CAE3.png,png,,,UHV-CAE3.png,Papers,https://storage.googleapis.com/abhi-hub.appspot.com/Documents/ROHIT%20NINAWE/PYQ/2025/UHV-CAE3.png?X-Goog-Algorithm=GOOG4-RSA-SHA256&X-Goog-Credential=firebase-adminsdk-6gamz%40abhi-hub.iam.gserviceaccount.com%2F20250422%2Fauto%2Fstorage%2Fgoog4_request&X-Goog-Date=20250422T163531Z&X-Goog-Expires=3600&X-Goog-SignedHeaders=host&X-Goog-Signature=b1cba088cf746c9802e8864a6155c54d0af9495f43451104120499dc5ed07248032e6e6071d1fea780e250432975344ef760f8d8cf5da5c162313e717ca1b4f1ca3e8537633c7c51369366898c5ecc83b977f6852ebca135eb29f4c4ed0a2966ff5e15b5523ed630818047479c14514d2455bf468426d0fc809bd43642be4be31c55d53a3e3e734faf27cbe39c2dd517d1f574577ebfba66ff00c28138b3a74cfa95fa02fa334c6462066da760a9930a392f07da6848754dfb2e21ad559480cd32bffd2ee33df94856aa13c381c81df2b09024145c13633e312eb04faa7a5a3e3cef4e9974752efa8d9a66002b63958efaf9adbfbf8a23f31ad00e72c938f13b,
Abhijeet Shende,2025,,DAA_Unit1,Documents/Abhijeet Shende/Notes/2025/DAA/DAA_Unit1.pdf,pdf,,,DAA,Notes,https://storage.googleapis.com/abhi-hub.appspot.com/Documents/Abhijeet%20Shende/Notes/2025/DAA/DAA_Unit1.pdf?X-Goog-Algorithm=GOOG4-RSA-SHA256&X-Goog-Credential=firebase-adminsdk-6gamz%40abhi-hub.iam.gserviceaccount.com%2F20250419%2Fauto%2Fstorage%2Fgoog4_request&X-Goog-Date=20250419T174232Z&X-Goog-Expires=3600&X-Goog-SignedHeaders=host&X-Goog-Signature=69c376f42c8dba7ee6d8fe30970d35fe6aea37b04a390d5f94575d6bf5f7db4506c5589d11cb2fd6ff0b212021a6564e4fa8a2479e7dfc848cc8e8d29bcd15dabea53c0bed3ab040cf03dde278be900439781c0cc6f2b5e1c49b567c168f5179b52081ac8928693e287a8c292bc5711ac087a425ebc07f4d2a93f4984ae0abe0e947c05464b1137b82bdaf4c32956ba162ca0c71fd4a2bbfc659a0c8ffaebae7fedf1cdb0d1abe183843e90f88d62b9b32319518b24c3645148ccb090cef4942577aa89b84ae38880a520a8a80f6dba9a245e4546530ebe075ca979878baef2a9a163d6686124ba8e9477fa648b95ca63d6f8285c34d2822224a2e25373ee916,
Abhijeet Shende,2025,,DAA_Unit2,Documents/Abhijeet Shende/Notes/2025/DAA/DAA_Unit2.pdf,pdf,,,DAA,Notes,https://storage.googleapis.com/abhi-hub.appspot.com/Documents/Abhijeet%20Shende/Notes/2025/DAA/DAA_Unit2.pdf?X-Goog-Algorithm=GOOG4-RSA-SHA256&X-Goog-Credential=firebase-adminsdk-6gamz%40abhi-hub.iam.gserviceaccount.com%2F20250419%2Fauto%2Fstorage%2Fgoog4_request&X-Goog-Date=20250419T174232Z&X-Goog-Expires=3600&X-Goog-SignedHeaders=host&X-Goog-Signature=2822d5ebcb61e32d40a0b384f9ea05c46bb004d69ce166cd1319ecd163e7d866d894e0c23a34b0aa4b13ca6584866dc61d588b323a04d81959afb5e777ba135e75576bb05a0565bc9fd55e9362c8231bff4b77e5c3941764d43d409f82c6b8b2e802e1ab6de5fb7f9c2a40e9379b2f5692db2339f8be1fd802405422d486c037e701811f2772d749f33254a4b15b6ac7326bcfbdb5fc98b06454855aeb23ca05cc4b95af9448d05aff8bb384cfb1e74e0e6a52951f6a5f89d10b248f96c894f22f8e28d6e9147872ebb1832eee9428fe2c87a09be2d4227a04383da04b7d8d0a4a3b8c02ddad001c657a05882a9b0835f878ecb036aadff7203af4038ea2d506,
Abhijeet Shende,2025,,DAA_Unit3,Documents/Abhijeet Shende/Notes/2025/DAA/DAA_Unit3.pdf,pdf,,,DAA,Notes,https://storage.googleapis.com/abhi-hub.appspot.com/Documents/Abhijeet%20Shende/Notes/2025/DAA/DAA_Unit3.pdf?X-Goog-Algorithm=GOOG4-RSA-SHA256&X-Goog-Credential=firebase-adminsdk-6gamz%40abhi-hub.iam.gserviceaccount.com%2F20250419%2Fauto%2Fstorage%2Fgoog4_request&X-Goog-Date=20250419T174232Z&X-Goog-Expires=3600&X-Goog-SignedHeaders=host&X-Goog-Signature=87838f9818be61dcb2cc9e373f8a45c89756afc73afc93b9bbc59d9e0ede6169c13dbef5ef1539b36f0db303571b846ca71664721f29b4d9243d71cd1b888867598cc4dd7497afeccdc7f8a5dc0657b0b545792669b44ca1ab5671ab2cfcb72293e124f383c79bc252614a6ad836633c26916f214153ad4e33db380e60d6c2a73f0ca33c8185d63b03301399930159781fbd432756d711c61e49becb9419b8eb4e3ecbbda34b28718121aec138359562038a42233c558a62339309e85a503398660ac150db09b6805b406bab69fdca9c677b4c5874aed473f5a8d918de61845e3fb66006837d12da3d3e54c60d57c7ec63e6c0c895e901ef63d1d29570504994,
Abhijeet Shende,2025,,DAA_Unit4,Documents/Abhijeet Shende/Notes/2025/DAA/DAA_Unit4.pdf,pdf,,,DAA,Notes,https://storage.googleapis.com/abhi-hub.appspot.com/Documents/Abhijeet%20Shende/Notes/2025/DAA/DAA_Unit4.pdf?X-Goog-Algorithm=GOOG4-RSA-SHA256&X-Goog-Credential=firebase-adminsdk-6gamz%40abhi-hub.iam.gserviceaccount.com%2F20250419%2Fauto%2Fstorage%2Fgoog4_request&X-Goog-Date=20250419T174232Z&X-Goog-Expires=3600&X-Goog-SignedHeaders=host&X-Goog-Signature=75abec0da8d17c6b22d99e73cf828d412f921e5131f6e3e7f8a2f4e65ff8ad37bdad6e23e3cec66e3383ac8749e75fd9884940cc5fb3bd42e29283aa837fb1e331efed98690e4dc175b6eb6880aaf45f501848f25ecc1f0de3c9d8fc10f07945cb426116802425c59205e9dbb2c0e99727cf17da6c588734ca689d4865ff05063a5da8d812389542d974814163f33ae1d7d052528ecc62022a06b026d357cf9ac51706448ea9b4536a5fed728e9cc21ba84a3eda13dbaec3a059d91b14c65048d5f9f579b4763a82be085b92fa42a2264346bab55aa88ea6a6b9b20edc0c513fa4e1e40b547e5b98ea95cbd0cf96cb486943db91d6a3ca487e076ef53894cbd8,
Abhijeet Shende,2025,,DAA_Unit5,Documents/Abhijeet Shende/Notes/2025/DAA/DAA_Unit5.pdf,pdf,,,DAA,Notes,https://storage.googleapis.com/abhi-hub.appspot.com/Documents/Abhijeet%20Shende/Notes/2025/DAA/DAA_Unit5.pdf?X-Goog-Algorithm=GOOG4-RSA-SHA256&X-Goog-Credential=firebase-adminsdk-6gamz%40abhi-hub.iam.gserviceaccount.com%2F20250419%2Fauto%2Fstorage%2Fgoog4_request&X-Goog-Date=20250419T174232Z&X-Goog-Expires=3600&X-Goog-SignedHeaders=host&X-Goog-Signature=5a65e52deae4a7a091dfff18c6facf7f19ba927f1d75676b8ed742dce6fcde28416c0442628e17e6da56b821478abf044dd6a9c96b51688f108b1266b00374f91c7642711301191e0a080cc416c463344037ba84937c46793a910f46e4aeceaa5892fd8a4e02be5942220d24d6a61f80625f040f9489f102edad166e2143b9c57812ff2c39ca6313d24098731fdf65675b315502842eff1f43820ea4790f14301447a8e6059e4620a0586bb5996fdb29aad83f3bc64f22343234859897f06d7e57b27d97532372c48ac39ef6e4dcc15cbd871993247d1ee782970fb3ca6b0cc6ca22f128364340c1604acff7cd850009e0c995c054906f94a81ee18a6ceaa129,
Abhijeet Shende,2025,,Problem Solving Technique,Documents/Abhijeet Shende/Notes/2025/DAA/Problem Solving Technique.pdf,pdf,,,DAA,Notes,https://storage.googleapis.com/abhi-hub.appspot.com/Documents/Abhijeet%20Shende/Notes/2025/DAA/Problem%20Solving%20Technique.pdf?X-Goog-Algorithm=GOOG4-RSA-SHA256&X-Goog-Credential=firebase-adminsdk-6gamz%40abhi-hub.iam.gserviceaccount.com%2F20250419%2Fauto%2Fstorage%2Fgoog4_request&X-Goog-Date=20250419T174232Z&X-Goog-Expires=3600&X-Goog-SignedHeaders=host&X-Goog-Signature=5a50f02aa878276e5d822d2baf467429c2d95102d1c29dbfa80fbe9190c8b583651c71fdbfa3a5fb265e02a3e984cde0a16879c7c874be083cd2824634533d80ff5fe7ef1a0bfed3dc7bfa401c713e335306c823a93fbcbf791fe9f193f1ac42d0bb0e7fe2ece690e000cb6ff95737e063e4e5b6a81cc1f01045fc1f03e681054bd14220a46c333ba4a63583afddc41ef03378ca80e334c60fa829336744d0e3642d414f1c076940d3fbec12a72bb3d1a3881a4a171511e36e9c117e37f817fbc5a7fce9d4d78427f98cc2bd10d8cc9717737d5bd9f750e1d91dd084d4ce693f4ab343f57ff7e795aa8aaebcd732d8f53c1655e7a62529c44b1b2d8037ad70a0,
ROHIT NINAWE,2025,,DAA-U1,Documents/ROHIT NINAWE/Notes/2025/DAA/DAA-U1.pdf,pdf,,,DAA,Notes,https://storage.googleapis.com/abhi-hub.appspot.com/Documents/ROHIT%20NINAWE/Notes/2025/DAA/DAA-U1.pdf?X-Goog-Algorithm=GOOG4-RSA-SHA256&X-Goog-Credential=firebase-adminsdk-6gamz%40abhi-hub.iam.gserviceaccount.com%2F20250210%2Fauto%2Fstorage%2Fgoog4_request&X-Goog-Date=20250210T184630Z&X-Goog-Expires=3600&X-Goog-SignedHeaders=host&X-Goog-Signature=aa130147db837a1bc5709ce7e373a4363e8597e72e44e22d4c09e294b6076a546f2bc9ce8ea51da0574c3a5db16b1d33fae23014f48d09fcafa671cd5b0e3658ae68b4e61956eea9f9fe2ee5c40491c78c3222249dbbf6f88c67f5aca573b15695a8388f08a677d78dbcc66ea422c2c99eaa4fdd286eeee2771ddcfdadf774ba20209745d4873a8c7adf05e215ede701fd758d1ff26d814ed719c71a3fc4731bb8f4e024df450eb6044408ecb5a36c6e3dd4247f44183719b6f25d95f9e5d3856bae5c1c72a8434f06999ea8066e9d8d2d36c823dc9d2e96fb765b6fed19f0acf55fc5b06a6268f49490b6de85f773151eaadb7426d3ceb82f5adc5e4aa858db,
ROHIT NINAWE,2025,,DAA-U2,Documents/ROHIT NINAWE/Other/2025/DAA/DAA-U2.pdf,pdf,,,DAA,Notes,https://storage.googleapis.com/abhi-hub.appspot.com/Documents/ROHIT%20NINAWE/Other/2025/DAA/DAA-U2.pdf?X-Goog-Algorithm=GOOG4-RSA-SHA256&X-Goog-Credential=firebase-adminsdk-6gamz%40abhi-hub.iam.gserviceaccount.com%2F20250210%2Fauto%2Fstorage%2Fgoog4_request&X-Goog-Date=20250210T184630Z&X-Goog-Expires=3600&X-Goog-SignedHeaders=host&X-Goog-Signature=a76756d48e02598f7c7a3e007d47e3fce5ca3685884fcdbbdb17aa22f15231bbea275a7bd3efe74b582d1d2f3d1c86a9e92479a8dc2d9d497404b7d5124337bc0e464d62257a4eba1b9897597aaf4677669f65b09b6deb883254981d8c89301f59e6a31ff9d6f45cc4159660de7516e3982b550c3ad26e2addb285cac4f2b73b9136a8e721b36f26b0f21e581cd8a614d4df92944f03512c8a729d1add47e33447304eef3184a6d523f3c416a1bb345b66eba7ec71179ddcc13858d9c1cb44edad191aefe099abcb34099ff86f801de6ce38a34bc1924438be4724d577f3f256aa73434cd85d9256c2608edd5d946bae132afea0c0d0c2c1634bdb54204ed8db,
ROHIT NINAWE,2025,,DAA-U3,Documents/ROHIT NINAWE/Notes/2025/DAA/DAA-U3.pdf,pdf,,,DAA,Notes,https://storage.googleapis.com/abhi-hub.appspot.com/Documents/ROHIT%20NINAWE/Notes/2025/DAA/DAA-U3.pdf?X-Goog-Algorithm=GOOG4-RSA-SHA256&X-Goog-Credential=firebase-adminsdk-6gamz%40abhi-hub.iam.gserviceaccount.com%2F20250210%2Fauto%2Fstorage%2Fgoog4_request&X-Goog-Date=20250210T184630Z&X-Goog-Expires=3600&X-Goog-SignedHeaders=host&X-Goog-Signature=acf588e092963ae3d49f11a8abab83b62195dca7c3f6bbe6be6dab041dbb6c815cbc08f505f919d0ccde7b2e0159256c38127bc07ab927012be8e82e7adce45ebd3315b8a176240d3fb754382b2483a573a12293630cf1b687b4d6901f261ad388c813a8ffeaea8f2662babed646a28f54857a93919f4dc59c4116eb2bdcbb30d6a83816aef2689b1964ff892987437e48084ba555b87338a48f39990501b057abaf6bb54683723f367c5360db1bb47faf9c260eb2611b01a9e7cdef4f1b0c69a87ee967b60d31fbffcbd059ccdf592d89ec44f9ac26391a9fb9b58aed7dbc35668f269933a7b7a8a1aa98f75ab0e98ab500ccc4ca9dff1d1f2761216e91aeb9,
Abhijeet Shende,2025,,TAE1 OE(Introduction to communication Electronic),Documents/Abhijeet Shende/Notes/2025/OE(Swati Paraskar)/OE(Swati Paraskar)-U2.pdf,pdf,,,OE(Introduction to communication Electronic),Notes,https://firebasestorage.googleapis.com/v0/b/abhi-hub.appspot.com/o/Documents%2FAbhijeet%20Shende%2FNotes%2F2025%2FIntroduction%20to%20Communication%20Electronic%2FOE(Introduction%20to%20communication%20Electronic).pdf?alt=media&token=85357093-2361-40d4-bd8b-0dfccaf87c29,
Abhijeet Shende,2025,,OE(Introduction to communication Electronic),Documents/Abhijeet Shende/Notes/2025/Introduction to Communication Electronic/OE(Introduction to communication Electronic).pdf,pdf,,,OE(Introduction to communication Electronic),Notes,https://firebasestorage.googleapis.com/v0/b/abhi-hub.appspot.com/o/Documents%2FAbhijeet%20Shende%2FNotes%2F2025%2FIntroduction%20to%20Communication%20Electronic%2FOE(Introduction%20to%20communication%20Electronic).pdf?alt=media&token=85357093-2361-40d4-bd8b-0dfccaf87c29,
ADITYA TAKE,2024,,Advance Communication Skills-ESE,Documents/ADITYA TAKE/PYQ/2024/Advance Communication Skills/Advance Communication Skills-ESE.jpg,jpg,,,Advance Communication Skills,Papers,https://storage.googleapis.com/abhi-hub.appspot.com/Documents/ADITYA%20TAKE/PYQ/2024/Advance%20Communication%20Skills/Advance%20Communication%20Skills-ESE.jpg?X-Goog-Algorithm=GOOG4-RSA-SHA256&X-Goog-Credential=firebase-adminsdk-6gamz%40abhi-hub.iam.gserviceaccount.com%2F20250204%2Fauto%2Fstorage%2Fgoog4_request&X-Goog-Date=20250204T183118Z&X-Goog-Expires=3600&X-Goog-SignedHeaders=host&X-Goog-Signature=65994e97a239a18672d92eca1316b3f8e6223af55970c17b823152f780cccfb7c14f7996e51a6c5eb6bd4ee03dd37a84ab42207d720e8d039f2179d370da318b4ba479f8f9dec1b41e2b4b805914ffa88158660a68b2b591f7c27015659c5f52243f3094678d1ec9c2bae822a852aabb8270a1bd0911b7f4d13d5d0fb4b1234b352f0f273349d7bbe5f22b1974dd033c0ae7569f36e213461e77d6b054ae661ab374cb5842c16bb242c644272a2b4692148dd31c50c014366b1413d30d6e7110aef88a133ecebd0f5db357cd07f283bd7f7511071f02d47e5911f2ed4b63cfcff43cb84a0afbdd73802ca73f5f0075eccc48b739277ffdc29ea38d49415e751a,
Aayush Gupta,2024,,DBMS ESE,Documents/Aayush Gupta/PYQ/2024/DBMS/17360631286548797166387890372993.jpg,jpg,,,DBMS,Papers,https://storage.googleapis.com/abhi-hub.appspot.com/Documents/Aayush%20Gupta/PYQ/2024/DBMS/17360631286548797166387890372993.jpg?X-Goog-Algorithm=GOOG4-RSA-SHA256&X-Goog-Credential=firebase-adminsdk-6gamz%40abhi-hub.iam.gserviceaccount.com%2F20250204%2Fauto%2Fstorage%2Fgoog4_request&X-Goog-Date=20250204T183118Z&X-Goog-Expires=3600&X-Goog-SignedHeaders=host&X-Goog-Signature=89f3c921dc60d9bb65b3d07999941253d5699006b2136cab242e586006b7c8886241ec6f90df000769a8cf121fbee1c42e92ad56c94b520fc3e459bbd731ece02e7c9db7e490fbcf709595831230f912cdcdf39395f44907323111a54783b17bee489bf46a1a9974fea328e4540ff6c519e68660a63b29285575e8ab7204a81ce5427c6784f746ca476f6bad3da3bef95f7c20a8bfb1353d9cf8f5de9201e93db88bfd00ab6550f5d52b9e7152811827c5f1dae7441d3cbf5b896456a481d3a7120f35248c6b84bbc642d7ce2b96daa535f861639be1f902492ad1db84f75df87b3f13e074a2dcb203aa1965654cbd088869602efc08fa411a214acaa29eb82c,
Abhijeet Shende,2023,,AIKRR BY SAURABH,Documents/Abhijeet Shende/Notes/2023/AIKRR/AIKRR BY SAURABH.pdf,pdf,,,AIKRR,Notes,https://storage.googleapis.com/abhi-hub.appspot.com/Documents/Abhijeet%20Shende/Notes/2023/AIKRR/AIKRR%20BY%20SAURABH.pdf?X-Goog-Algorithm=GOOG4-RSA-SHA256&X-Goog-Credential=firebase-adminsdk-6gamz%40abhi-hub.iam.gserviceaccount.com%2F20250204%2Fauto%2Fstorage%2Fgoog4_request&X-Goog-Date=20250204T183118Z&X-Goog-Expires=3600&X-Goog-SignedHeaders=host&X-Goog-Signature=27728980c304fb9ba864b223d358c3a1e362ab1150327db08099decf6d640cdcac3fcbf86a1c0ed1bbb8a6918f53f2631b347a584e9f4533f6df700aba3bb253a0eda2b10ca44c9a86a2368121f1ac2391a119dd1a2ba8fc36b90665a971fe0539b93c70ed83260cbc6594ed759d32e5b768998fc75403dd28509ae5f9c2cc6b8acb23a6ec778581b916c550eb121d4193ba43c6dbc91c164956531ef8de9aa031c3790dbaaba5c380282f8b524fb43756f70562ebc0202473e9516d65ca3e2d1257eaf90b08e94829c3fbe858ae64695b9ac43d454b182d90425d47288f106184688d32e8c6cbf2cd6555b670c9119f938a8edfb7512b6970e30af2f9d3732e,
Abhijeet Shende,2023,,UNIT 1,Documents/Abhijeet Shende/Notes/2023/DMGT/UNIT 1.pdf,pdf,,,DMGT,Notes,https://storage.googleapis.com/abhi-hub.appspot.com/Documents/Abhijeet%20Shende/Notes/2023/DMGT/UNIT%201.pdf?X-Goog-Algorithm=GOOG4-RSA-SHA256&X-Goog-Credential=firebase-adminsdk-6gamz%40abhi-hub.iam.gserviceaccount.com%2F20250204%2Fauto%2Fstorage%2Fgoog4_request&X-Goog-Date=20250204T183118Z&X-Goog-Expires=3600&X-Goog-SignedHeaders=host&X-Goog-Signature=1439a97185a2147c836a777057ef4ecb21b8d935cd5f8163b5f0dfb051cc1718c86b93149184ca7cc3393cfa5ee12dded56dbc3c72b3adc304089059ef5deeed8f698355913fc70ecc71f8026d2e214a271e729b86d2cc246cc5f19851f8b0138d31cbd6f3cc22d904422f606e7337892b8449fc83ad61611419b70f6704b47f880dcdc4cb42a9f06026231af2125238be64a045c7661afdbfd1cde89d8f75682e83efe29903c2b1c3136e4a0b19a70cd9d6b1631243157d698834ccb302021c9245660eddf25ab37504d1e2383522ac9a1b98fd52317aad725d1f81b1f486a6c98cf3b91277d357da0d23b5ece9d155069d918f376f4ace6ca801ebef1bfebf,
Abhijeet Shende,2023,,UNIT 2,Documents/Abhijeet Shende/Notes/2023/DMGT/UNIT 2.pdf,pdf,,,DMGT,Notes,https://storage.googleapis.com/abhi-hub.appspot.com/Documents/Abhijeet%20Shende/Notes/2023/DMGT/UNIT%202.pdf?X-Goog-Algorithm=GOOG4-RSA-SHA256&X-Goog-Credential=firebase-adminsdk-6gamz%40abhi-hub.iam.gserviceaccount.com%2F20250204%2Fauto%2Fstorage%2Fgoog4_request&X-Goog-Date=20250204T183118Z&X-Goog-Expires=3600&X-Goog-SignedHeaders=host&X-Goog-Signature=2b2f001e43032e39f056c8030545b094dcee65381081a4fbb9b46a4020dcbd16fe656e222354d3e6b98170d5de5b700632db28488e72997315df657b9fd6862f91128d88eb5715dc8b6822b770a8130254a992de1fcd502a63eaaba661437415dbac3d4390478c46b05954303bf0343cafdf6faf7baa63ab8e58939b4d939f8117ba52e7ca4988b628e2cdb5dacbe149bac46c1d04211d339217ea208d38226768db5f5346ac70942e7ba08e8f229237010c046b812f84686b545c09ea53570f421c3800e5939ef34313242e6c26b0d81f43763fd2d009373a2a491ff339a10bba71fe91d26a05ce2e2c058e3fd0fa640151b83bf252901ddee8618d0df5bf8c,
Abhijeet Shende,2023,,UNIT 3-4,Documents/Abhijeet Shende/Notes/2023/DMGT/UNIT 3-4.pdf,pdf,,,DMGT,Notes,https://storage.googleapis.com/abhi-hub.appspot.com/Documents/Abhijeet%20Shende/Notes/2023/DMGT/UNIT%203-4.pdf?X-Goog-Algorithm=GOOG4-RSA-SHA256&X-Goog-Credential=firebase-adminsdk-6gamz%40abhi-hub.iam.gserviceaccount.com%2F20250204%2Fauto%2Fstorage%2Fgoog4_request&X-Goog-Date=20250204T183118Z&X-Goog-Expires=3600&X-Goog-SignedHeaders=host&X-Goog-Signature=20e0a6406b6c7c1e358fff96e490422064a12d004ef13b41955bf4fd22f07cb486beeb03b8b3d1b589c14a9528bfde29ca09d9cc05558de992ee3c95f36d55c0e78105c52f14d8dc1b5f71a05a1123db6e68dde701a07d24cae005d00f736f6abd23c2788893101aa2ae9858279386924583543e29acd60a2c13e13f007a1af24d18f2876bfd5812ba270e367eb2f7ec205c5c50bf38a39f182d22db56009d1b645e8a55f5a0bed28d4e50a7253f79e719fbf7271d126d50ef6070e8ae8ea2fb68fe5d275fa29b3aed8c607cfd74eb10999b2a73972b051ef3f9228e8d2d2e5196385b269318c3f4cf05deb7e1482d072cbf180bfb0708662944ca569fd9cbd2,
Abhijeet Shende,2023,,UNIT 1,Documents/Abhijeet Shende/Notes/2023/DSA/UNIT 1.pdf,pdf,,,DSA,Notes,https://storage.googleapis.com/abhi-hub.appspot.com/Documents/Abhijeet%20Shende/Notes/2023/DSA/UNIT%201.pdf?X-Goog-Algorithm=GOOG4-RSA-SHA256&X-Goog-Credential=firebase-adminsdk-6gamz%40abhi-hub.iam.gserviceaccount.com%2F20250204%2Fauto%2Fstorage%2Fgoog4_request&X-Goog-Date=20250204T183118Z&X-Goog-Expires=3600&X-Goog-SignedHeaders=host&X-Goog-Signature=62ea9066f0b9d39f566f9328d7a82e3fa38ea0a825b86f0ac35c85ddab0acb0d0027950e405b782d007f02b1d8ecd7532c293ffbb717d8e875b1a63609998a426a04d840c819570f57c311360508a4d5e43653c0393f0f6c67a106f595a5ef8bd06e5be1b9930c6e13273654047281e69d0326c7063657f6805e8732a5f4cc88c88e06cc04f1da73afc7df7a5b8c8d7cc9a3d86433a34b9c0fd89ff6bbf066e61d114e6ef2700c3278cd384754890915514ee508d79c827d8a9cc33d315304ac2c3c2a72f4f7a2fa8792c5de0c5b1d330e8a829d0f2e75b311131e9b81a69a5185d6958f46dee6cf6d30db48504a1fd5de9b7e583039dd8c6cda59489e70b01e,
Abhijeet Shende,2023,,UNIT 2,Documents/Abhijeet Shende/Notes/2023/DSA/UNIT 2.pdf,pdf,,,DSA,Notes,https://storage.googleapis.com/abhi-hub.appspot.com/Documents/Abhijeet%20Shende/Notes/2023/DSA/UNIT%202.pdf?X-Goog-Algorithm=GOOG4-RSA-SHA256&X-Goog-Credential=firebase-adminsdk-6gamz%40abhi-hub.iam.gserviceaccount.com%2F20250204%2Fauto%2Fstorage%2Fgoog4_request&X-Goog-Date=20250204T183118Z&X-Goog-Expires=3600&X-Goog-SignedHeaders=host&X-Goog-Signature=0d98f1cb0aacae6368e3df63bac2262ea340996a8adebfc239c24ac27a912a39f12621a21d7b8b6cd9c957baf2d4ab141dd739646b3b933c7e354aa442d6918eefa8d70582677778e6ca2e4074ce2d183820b0abce7c71419070661201721965ffcbfdb904cfe5b0eac8b800e47502c4e6868316ab5bd083c809e2b9e0fab910beb480ad6be962b972ae0a23226d4f54a7afb9d20358d35568b4b3eda38bc4d54544e0014431422df810dae81a1424a4673ced3202be96e668ebd6c37ea19966c207432eb2604fae7b70d112b7fec59e0052627d81a2fe12f80fcac0fbd1ad14a8f93bf569193c65c646af659586aa98fda326020215cf327970492eeb7cad3b,
Abhijeet Shende,2023,,Unit 3,Documents/Abhijeet Shende/Notes/2023/DSA/Unit 3.pdf,pdf,,,DSA,Notes,https://storage.googleapis.com/abhi-hub.appspot.com/Documents/Abhijeet%20Shende/Notes/2023/DSA/Unit%203.pdf?X-Goog-Algorithm=GOOG4-RSA-SHA256&X-Goog-Credential=firebase-adminsdk-6gamz%40abhi-hub.iam.gserviceaccount.com%2F20250204%2Fauto%2Fstorage%2Fgoog4_request&X-Goog-Date=20250204T183118Z&X-Goog-Expires=3600&X-Goog-SignedHeaders=host&X-Goog-Signature=7f642b4eb5c3f3a993e77f7fc790456cd902915a0a292ada364fa2f63af43646af8d72cbb978b24a92b2799e5bd67e4017015de0572abffcc7200babba47cb893fd8a96790f39211f9006f87c142fa878dd0f3a9da042f69278788447b88e89f13198075cf95e18e79546341fedee41c30b816a636a651fa61574d70c67d6e36a5051c687f528a91f280e9d631a024a0ff351940a0e88c92805b4408d724dc336c1a00424628d41b31719eb00d1530ffcb0feedf77f47a527c4e8127c0e7c406527e045822df007dc6111f0b7e6d0394aa1b556b75426b33a93667c53286f9ea1b87e06f2919620de3a2e1dbd976faf1462e1ed95cc45f1fd743d9f7d5914435,
Abhijeet Shende,2023,,Unit 4,Documents/Abhijeet Shende/Notes/2023/DSA/Unit 4.pdf,pdf,,,DSA,Notes,https://storage.googleapis.com/abhi-hub.appspot.com/Documents/Abhijeet%20Shende/Notes/2023/DSA/Unit%204.pdf?X-Goog-Algorithm=GOOG4-RSA-SHA256&X-Goog-Credential=firebase-adminsdk-6gamz%40abhi-hub.iam.gserviceaccount.com%2F20250204%2Fauto%2Fstorage%2Fgoog4_request&X-Goog-Date=20250204T183118Z&X-Goog-Expires=3600&X-Goog-SignedHeaders=host&X-Goog-Signature=0adac1b745424829c3144c16e5c656c2a6e5e84cf0eb7772d0675f7c880b2139a655c00fd427efd0d55c2dc49278b5bc5fdcf73fd4695e13a85d33a91250a4ff01396c134e660ddb804a29c0a1c895affbe6d46840522626b17c83abaa1e0cfb3d9be6d3805b45ff8d08e733eb0b3d678f5ae04d8f9b4e331f730ac3f769e4249a518503cfe571b11df68f28e672f0edb89b68e89c8549891006828a92a75f16c7cb9d6293f3c5ac568fafb9c26b01834e01361c87611518554fd3c0ce572657fa32e3eb669a006fc25d19aa8447efadca44da648dabedd52c272458c2069c766f1e9c3e4b89d8f6e03bf978f3b505adf9ac17e162305423cad9d89635b026ad,
Abhijeet Shende,2023,,Unit 5,Documents/Abhijeet Shende/Notes/2023/DSA/Unit 5.pdf,pdf,,,DSA,Notes,https://storage.googleapis.com/abhi-hub.appspot.com/Documents/Abhijeet%20Shende/Notes/2023/DSA/Unit%205.pdf?X-Goog-Algorithm=GOOG4-RSA-SHA256&X-Goog-Credential=firebase-adminsdk-6gamz%40abhi-hub.iam.gserviceaccount.com%2F20250204%2Fauto%2Fstorage%2Fgoog4_request&X-Goog-Date=20250204T183118Z&X-Goog-Expires=3600&X-Goog-SignedHeaders=host&X-Goog-Signature=09c60ee0f4d531d53abf69d9db2633d6dfd3d39a025dc2709f527ddc14d49a5e7e6b3e659b30b58f9367769d97e8f7eddc1c64804e0905613ad7d04999956b63fef236b1e539f68866b7a71290dc1acb0b8cd7bc7772a8964e51072e134d15c815920053d2fb068d683e0ec13b51859d7818dcef11c24519a3ca1ba3431899d4a259fa213e9fa78c4ab9d6c449abfdb3b1744009d07ca8c4490d8f6650dafe3a6f2eb676c89ea8935d50d91b5e639049e0b21a7f52318750b38b471bd1b3f9c8a8ef9067b80a77d47c4fc91177efdb216269574ab72413c2443d2d09079f8b8ac13cc547792c35049ccad5636f57eae6562f8e0bc52128faf9bab15c5f858590,
Abhijeet Shende,2023,,All Units,Documents/Abhijeet Shende/Notes/2023/FLA/All Units.pdf,pdf,,,FLA,Notes,https://storage.googleapis.com/abhi-hub.appspot.com/Documents/Abhijeet%20Shende/Notes/2023/FLA/All%20Units.pdf?X-Goog-Algorithm=GOOG4-RSA-SHA256&X-Goog-Credential=firebase-adminsdk-6gamz%40abhi-hub.iam.gserviceaccount.com%2F20250204%2Fauto%2Fstorage%2Fgoog4_request&X-Goog-Date=20250204T183118Z&X-Goog-Expires=3600&X-Goog-SignedHeaders=host&X-Goog-Signature=93991f7d9d3a54481bfdd7fed738103bd6de70bb00414fcd7ac46bd9a06802855696b3389f31cd5ee8db5ce8bff563a583752b99b026bb42f71294eff4d7994e5a162ac3d649e12f95ddd0298500fa644aaa8dbbecc746a43d1a68488a44eb6b5ebf49233cac9f181f26828f96d1d7f08f1bd20d5aa02aca4fbe81176266bbfa25a5fb65897d408dd78d99e9d59fd7ce2f6f1df4a1e6520bf645b2c60cb53dc3708d6f82e9fc7d7def7753bd231df13c6f5f213ecb84c3a7b5230f2a2f337b8b9125bbe0aad4fa80e7353faa271b0c26b654e0b02fcd118f76d857750d2ff3e18c59a7602b7f9dd6a57508208ee006f46afebc6df3af2eea35b7807608d0d5cf,
Abhijeet Shende,2023,,FLA 345,Documents/Abhijeet Shende/Notes/2023/FLA/FLA 345.pdf,pdf,,,FLA,Notes,https://storage.googleapis.com/abhi-hub.appspot.com/Documents/Abhijeet%20Shende/Notes/2023/FLA/FLA%20345.pdf?X-Goog-Algorithm=GOOG4-RSA-SHA256&X-Goog-Credential=firebase-adminsdk-6gamz%40abhi-hub.iam.gserviceaccount.com%2F20250204%2Fauto%2Fstorage%2Fgoog4_request&X-Goog-Date=20250204T183118Z&X-Goog-Expires=3600&X-Goog-SignedHeaders=host&X-Goog-Signature=ad66bf5410480afc480fac4aa4309417dc688b5f52971571d8b437caa2f04c58816481813334f0b47ab8764d9f2103ed6fb61b7db3df3d500025abb0519d003b7627467513b7ea7e4c10bf895f6cce9f06d075f5faa73a3e95b8c0cdafd5f76fd190b8c3c0b4a2bf3a7986fe4f1de5ce8d1f5bbfb9bdcbba2177090885d4900b83b6ac5c896f023a119990984128d749ebc47bd2a869574c3179d3685e3bb096e033fb86b16c3221a9b64eb172bf60a0b09c8232a6c1356a24b7d67804c48cfe90a2fbbce1a31c3ebe539cced896abaec54cadd3d2e0cd1b1b287d33683601055905c4eaf34ace787075b6704bb4244984b6100a0b3ce862361734d30e63cdb9,
Abhijeet Shende,2023,,FLA UNIT 4 &5,Documents/Abhijeet Shende/Notes/2023/FLA/FLA UNIT 4 &5.pdf,pdf,,,FLA,Notes,https://storage.googleapis.com/abhi-hub.appspot.com/Documents/Abhijeet%20Shende/Notes/2023/FLA/FLA%20UNIT%204%20%265.pdf?X-Goog-Algorithm=GOOG4-RSA-SHA256&X-Goog-Credential=firebase-adminsdk-6gamz%40abhi-hub.iam.gserviceaccount.com%2F20250204%2Fauto%2Fstorage%2Fgoog4_request&X-Goog-Date=20250204T183118Z&X-Goog-Expires=3600&X-Goog-SignedHeaders=host&X-Goog-Signature=3a9e31f7f012046244204f547ece543234a1b81eca0b2619db7612ad2c37db9bcb3e18e888b1b0e9c79c63365ef03cdc19c20c09977f6f7b2657ec6fc8c17ea408611238f4b0a43ea4f8121f56f33986ed4dc5607a0fad1bf8a24128218bf8806132c3c8884942736a3ba5ebf25ca29d3dd64a0432575e86e7b8f6d287dfb1ec4d0c7cb68d4b95cdb406769d8ad5fe5fd8b2cdbb182def6ab13d82be5fe5f7381d21cf25644d6c2001d34f8a1aeb630190583a5a8e0dd7355f30fb6992e78201cb22f0c60b5177448cbae5c4b1fdb6a655f70755a2f09052d4bd82d7e801abb1e72c044f24cf45485f7421a322569c198b1cc39987f9ad5442b9b7a75101bc91,
Abhijeet Shende,2023,,UNIT 1 (FLA),Documents/Abhijeet Shende/Notes/2023/FLA/UNIT 1 (FLA).pdf,pdf,,,FLA,Notes,https://storage.googleapis.com/abhi-hub.appspot.com/Documents/Abhijeet%20Shende/Notes/2023/FLA/UNIT%201%20%28FLA%29.pdf?X-Goog-Algorithm=GOOG4-RSA-SHA256&X-Goog-Credential=firebase-adminsdk-6gamz%40abhi-hub.iam.gserviceaccount.com%2F20250204%2Fauto%2Fstorage%2Fgoog4_request&X-Goog-Date=20250204T183118Z&X-Goog-Expires=3600&X-Goog-SignedHeaders=host&X-Goog-Signature=76aff1ebc647b7c99f00a015e58d975ff3d47f93dbfbef33ec189b25d32dc297de42d653d8ed0248b0e0f757036d0d6749d5ba556eaedca5d669607f7e2b560e7bdac05455e4884423b56776be1699b02cae01388a6ca3b976e5771484a428f7658222d83856536284743126fb191f5515ec01a68f220af6f1d65cbbf8def622e2a94dc103037261a0a2fc4f17a225a74297f1a42eecc0958a55a479ed9fa1f5ff800552eea2cb9c8304987a7a4aa8545caab10f0615d72abce9b1f5122fff6fd0de28926fcaf6fa5ea36ae3562f26390fbecb552d661d91ea1b4853f0551dd0fb76325bf42d0243cddc5095de5676f5bd2d3195de45230e2dd8cc68ea02ca59,
Abhijeet Shende,2023,,UNIT 3-5 (FLA),Documents/Abhijeet Shende/Notes/2023/FLA/UNIT 3-5 (FLA).pdf,pdf,,,FLA,Notes,https://storage.googleapis.com/abhi-hub.appspot.com/Documents/Abhijeet%20Shende/Notes/2023/FLA/UNIT%203-5%20%28FLA%29.pdf?X-Goog-Algorithm=GOOG4-RSA-SHA256&X-Goog-Credential=firebase-adminsdk-6gamz%40abhi-hub.iam.gserviceaccount.com%2F20250204%2Fauto%2Fstorage%2Fgoog4_request&X-Goog-Date=20250204T183118Z&X-Goog-Expires=3600&X-Goog-SignedHeaders=host&X-Goog-Signature=22798ec6c905e17479442fdc363a07be8b14516cda6e75758db1543e77bf64c3cc25bbf6cdf49f4d074884215332bf98862d3416d05fd26d34aa5b5f555105e4d2bd93ac85208f76d27f50524aa1ee802c2bc0c3f9162bb0e56a23006e017423e41c3e4b97a57704e7525c2aa8e2a3f204da08c9988ff78425e1fbec9372edc4da580d7e968b73cecb7af18754a5186a6bee1fc11e79a48afc4cfcd62dacbdd2f1df07ae03f142b1e136cdad14f50588fa1759c7e5cef52e91db618d2ad9b37fdc291a0e27e109716dec32e47bb1bbc733c2a144126440a1b5f82ab4161c03b9a8ed90429801add2dc71bfd1bd91fd305829b7e08bf5447f0df1fd26b5e68182,
Abhijeet Shende,2023,,prob-and-stat-new,Documents/Abhijeet Shende/Notes/2023/GATE/prob-and-stat-new.pdf,pdf,,,GATE,Notes,https://storage.googleapis.com/abhi-hub.appspot.com/Documents/Abhijeet%20Shende/Notes/2023/GATE/prob-and-stat-new.pdf?X-Goog-Algorithm=GOOG4-RSA-SHA256&X-Goog-Credential=firebase-adminsdk-6gamz%40abhi-hub.iam.gserviceaccount.com%2F20250204%2Fauto%2Fstorage%2Fgoog4_request&X-Goog-Date=20250204T183118Z&X-Goog-Expires=3600&X-Goog-SignedHeaders=host&X-Goog-Signature=6f5ef2d71b3c27f3dcc51662ecaa8f45db1da4be2e0dfb7d8431d7769b131e6a2487928e0fb7217fdc464040ab86957517db02fa653ee955c6a98715e0b7d27a1a0c9e07b46d51a33054462e88ec89265047b43d785178845ef6890e0b5a30e7b000851ca975789169b2c430f926102a6b8217aea7b8aacd52be36be46209ca23cf490add1ccdb90f50b62e35fa4d7a639eba259fa47009cd799e317fac74469cadc96fe5cf5d26fbcff38f0b49cb7d86df78c10c6108bf89a22bb7a48a49a17d6756730580489cd31d313cf38a56463b6d9bd5c2db7aa32090005305cace458269aa7e749f5581668a8bca71adf4c09560d503e2cbec0ddd2e690459ca128d9,
Abhijeet Shende,2023,,UNIT 1(OS),Documents/Abhijeet Shende/Notes/2023/OS/UNIT 1(OS).pdf,pdf,,,OS,Notes,https://storage.googleapis.com/abhi-hub.appspot.com/Documents/Abhijeet%20Shende/Notes/2023/OS/UNIT%201%28OS%29.pdf?X-Goog-Algorithm=GOOG4-RSA-SHA256&X-Goog-Credential=firebase-adminsdk-6gamz%40abhi-hub.iam.gserviceaccount.com%2F20250204%2Fauto%2Fstorage%2Fgoog4_request&X-Goog-Date=20250204T183118Z&X-Goog-Expires=3600&X-Goog-SignedHeaders=host&X-Goog-Signature=9527f39b956af6c51b3c209d90ba2e6d8e7f4800682b5aae6fd5c2c5be73e2e9643b52705d9c962d04f617e1b23c0723dc79bb1f277ff0b0435dea34e1897c78c2fd4f9a0f491a21d8a1c995033b9ce538585e48b336e70fd735c5f38b64d3f63fa4776bfc4fc9916866a7c76f135e200f7f3db21d42b1be9a6ddab2a07e8f4ac69cdf1663eb166ac100914955fa631d2087dc81ecf86533ec2916ecda6cd55251dcf20e3399b25f66c418733e39f3110aa1fec0819450a40b8afc9732a39302508818348ec3cd6223587f1e037799f2e4a3536c11b0f819d66b7f84e70ce9bbbea52b60a1e6b8734fdb153f3f294b27dea13c8a8f2515cb595aacd7bb72a7db,
Abhijeet Shende,2023,,UNIT 3,Documents/Abhijeet Shende/Notes/2023/OS/UNIT 3.pdf,pdf,,,OS,Notes,https://storage.googleapis.com/abhi-hub.appspot.com/Documents/Abhijeet%20Shende/Notes/2023/OS/UNIT%203.pdf?X-Goog-Algorithm=GOOG4-RSA-SHA256&X-Goog-Credential=firebase-adminsdk-6gamz%40abhi-hub.iam.gserviceaccount.com%2F20250204%2Fauto%2Fstorage%2Fgoog4_request&X-Goog-Date=20250204T183118Z&X-Goog-Expires=3600&X-Goog-SignedHeaders=host&X-Goog-Signature=86550ae64f3979eab5a2594d41877634fa37b5bcfac3223f828a212a1e6de47eaf88cac7c221071c882f40f7046c48f7ee89e40ba3bf695362d30c87b1a36e0b1977c5a4b485002614492a0ba4aeff5a903ce092ace67176ec6b221fb314717f37f51915d9a1f780416bbc858b07257f9a4aebee07df84b158d53dd1452002e7e6cc677e15c939b516602ed32fa66b10bfb757183225b725242373efecb7531ebec654a17565fe7f99594e4e38d161d210b28476fe64170beb3ac26f40925fa938bff3653ee128b8e0fcced73eddbc40b8bb3363ed8244ee47a289e050e5da59f95ab4d7c94184298fcd6591f51cfda6db662a6154818602a3ead5364bee91f6,
Abhijeet Shende,2023,,Unit 4,Documents/Abhijeet Shende/Notes/2023/OS/Unit 4.pdf,pdf,,,OS,Notes,https://storage.googleapis.com/abhi-hub.appspot.com/Documents/Abhijeet%20Shende/Notes/2023/OS/Unit%204.pdf?X-Goog-Algorithm=GOOG4-RSA-SHA256&X-Goog-Credential=firebase-adminsdk-6gamz%40abhi-hub.iam.gserviceaccount.com%2F20250204%2Fauto%2Fstorage%2Fgoog4_request&X-Goog-Date=20250204T183118Z&X-Goog-Expires=3600&X-Goog-SignedHeaders=host&X-Goog-Signature=6e8bfd483cd5e505906cb12d351320e927016da948d8d3d3ac68db1af083a447fc1b02461ebdd78529704510d058cf393ef2826cf7a6f18b3081a9832259b5fd008973aa15b7dbacfdd31667456b35e097d321a0d241dbecf68d6c788d3c0379ebbac66328c7d85880ea68078a25dd59f173b3e64ee405caadc257ba8937ec0428e4b92f9a08c884ec48f4bc2ae1709040a609523df428db53c34e12782af790b3ed6731d0db8d43b8faf66667d16ba71a375e8fe37ce1e2062d4c9874f79590ce402e1b3d8fe31e88dee331cbfb10230a6b16473c307718b74ba4d3e95b0cbfbc6cabdd562869e15173c141d871ee1ce328da7f7c1416d65f614404fdcabb5a,
Abhijeet Shende,2023,,SQL-U1,Documents/Abhijeet Shende/Notes/2023/SQL/SQL-U1.pdf,pdf,,,SQL,Notes,https://storage.googleapis.com/abhi-hub.appspot.com/Documents/Abhijeet%20Shende/Notes/2023/SQL/SQL-U1.pdf?X-Goog-Algorithm=GOOG4-RSA-SHA256&X-Goog-Credential=firebase-adminsdk-6gamz%40abhi-hub.iam.gserviceaccount.com%2F20250204%2Fauto%2Fstorage%2Fgoog4_request&X-Goog-Date=20250204T183118Z&X-Goog-Expires=3600&X-Goog-SignedHeaders=host&X-Goog-Signature=52a9e32aa7840f6acfbd3fd8a15be0dfef07fee5a7990aa0fdbe9c8cce0402a1e6d52c48d46f7ca002029720a48d553e6f98917ac47b5ec627c8cd4ef228091ed857eab7aee1ebf351848692967cc9485636dc473b012bfbccf4d53620ed1fea20c1533cab376ff0d393363be811db348ec1be16395a4df4a34e3ffed8570ba33d2b07edb83685b9ad6bd4d7b82a89e071ad4dbd6a087cfb75d406f83829c77f0b0366d003efb81acfbb143a41f6b0a84adc2220f925fe5192bc1e3011a55b7c3ebe257715bcf5f0b03c31bdca8c86cb13224ef84f16d1f688c0589457f27ce67ae8071ce94963f5fe6545dd36ef28e805ce35775078c9a43a156f4e1f51999b,
Abhijeet Shende,2023,,UNIT 1 (TNM),Documents/Abhijeet Shende/Notes/2023/TNM/UNIT 1 (TNM).pdf,pdf,,,TNM,Notes,https://storage.googleapis.com/abhi-hub.appspot.com/Documents/Abhijeet%20Shende/Notes/2023/TNM/UNIT%201%20%28TNM%29.pdf?X-Goog-Algorithm=GOOG4-RSA-SHA256&X-Goog-Credential=firebase-adminsdk-6gamz%40abhi-hub.iam.gserviceaccount.com%2F20250204%2Fauto%2Fstorage%2Fgoog4_request&X-Goog-Date=20250204T183118Z&X-Goog-Expires=3600&X-Goog-SignedHeaders=host&X-Goog-Signature=a61dd643f9a74fe77cd83d8a2c82d6de734ef7adb7a940c194e1bf96862e0d58355cd0b3eed2546fbc0aec022e51b932de2b9270f4ff926e1c11b51db5766a1311d10a8f584205fc909a8373d4c71d7c95b88de4ff4b495600c1f4ba08616439bde32f9b5a140cd916f0e15c4d8ccc57f59f3639e03771af2ee1a9e7ee11c4399dfd0542ee57da722409168e087bd7937878ad78f364cada767d078e7cee8290a48237ef8e6d8fb1445e10e66802c1498b7bbb93607cc1062eb7312c833e569ea1d26bd29ed4feb83f7d02ce144343e9503c909a0a650d044ce85d5d141b13105a52b0b28cb22960c036877e2daab506619c2827151f471fa90accc7bf876da2,
Abhijeet Shende,2023,,UNIT 2 (TNM),Documents/Abhijeet Shende/Notes/2023/TNM/UNIT 2 (TNM).pdf,pdf,,,TNM,Notes,https://storage.googleapis.com/abhi-hub.appspot.com/Documents/Abhijeet%20Shende/Notes/2023/TNM/UNIT%202%20%28TNM%29.pdf?X-Goog-Algorithm=GOOG4-RSA-SHA256&X-Goog-Credential=firebase-adminsdk-6gamz%40abhi-hub.iam.gserviceaccount.com%2F20250204%2Fauto%2Fstorage%2Fgoog4_request&X-Goog-Date=20250204T183118Z&X-Goog-Expires=3600&X-Goog-SignedHeaders=host&X-Goog-Signature=4eee679ab6ad6396d9c8270ff83617b227a9cb5adbb49dba83c07c759514c1a35f6328abe38284690a1b7b8afcfe5207381b80b002abfef8dae58f056b6327bb3e88bdb5a366267eec1aeaa85782122516a55f1fd58bb15667f566100e785b71c1b7f7c221acff69772763ea6949f0be18909cbca2b0c08e217061e93e580eb5a0864cf8d8b29d2175c7cadd2e0989204f156c04fd0fa5ad1b7bb888ea069a5121ada98d17866eac6b5358eb8355d24bc4456fd06719da1203e3e7bf074c5c6c4ec72a8b0abd8968697229f793980e92e065e74e0cf9bfb349dc87560c67b69a702cf78ee0aff37e2ccb27c26d9d8980812a9c862bcbc5a613678abf4bce20b2,
Abhijeet Shende,2023,,UNIT 3 (TNM),Documents/Abhijeet Shende/Notes/2023/TNM/UNIT 3 (TNM).pdf,pdf,,,TNM,Notes,https://storage.googleapis.com/abhi-hub.appspot.com/Documents/Abhijeet%20Shende/Notes/2023/TNM/UNIT%203%20%28TNM%29.pdf?X-Goog-Algorithm=GOOG4-RSA-SHA256&X-Goog-Credential=firebase-adminsdk-6gamz%40abhi-hub.iam.gserviceaccount.com%2F20250204%2Fauto%2Fstorage%2Fgoog4_request&X-Goog-Date=20250204T183118Z&X-Goog-Expires=3600&X-Goog-SignedHeaders=host&X-Goog-Signature=480350e777188ec560223508acc327b9affa095292d9e202d091bb23a25b17bed9aaa250e600953a098ef64411c886f44a281902cfcab5cf5a78cfa291eb18ee667fd8d357a05794ed6c39ffba44f43f6cadf0f8f5728d99129ecf8345ed9e71586c1eb2880e720d24072dae963142a08baa691794963fd7ef4fdce9ee4091d66d7b256c1062d86cea481924df344e78f0d92d2d4332753c1f68b6480a7ad439be98532fa83c7566767d7fdfd1094df267680cbe9ac6f8537c959e40f826b4522683886c950cdc50eb814fabea6bc3127c871898e1c7cab8e102980e36210d77430f796ffb424fcbcc0fa03195709689c1c3359d8d37687715ec43df507b1b7f,
Abhijeet Shende,2023,,UNIT 4 (TNM),Documents/Abhijeet Shende/Notes/2023/TNM/UNIT 4 (TNM).pdf,pdf,,,TNM,Notes,https://storage.googleapis.com/abhi-hub.appspot.com/Documents/Abhijeet%20Shende/Notes/2023/TNM/UNIT%204%20%28TNM%29.pdf?X-Goog-Algorithm=GOOG4-RSA-SHA256&X-Goog-Credential=firebase-adminsdk-6gamz%40abhi-hub.iam.gserviceaccount.com%2F20250204%2Fauto%2Fstorage%2Fgoog4_request&X-Goog-Date=20250204T183118Z&X-Goog-Expires=3600&X-Goog-SignedHeaders=host&X-Goog-Signature=1d8caa2f29a1710674cc1b8e7033f2a94c8bfd1ec95136831ac0576a9417da02e27e6bee3b0bb78a214e00350eff8b8f7439bc623f31479ba394914c584b144370aebc0cf520890ef5d7e52ddccfa240a98f29fce3bc4690b9fcc561b89cfc2705f86769c2a714f2918a0ca341e364637d3336f4959db72de1d731f382ea29349517b11b53520b8a47509080c8f2bc750a3762de2ce5a8c6a80328915cebdf950dcdea87fc04656d96743b34c0822dd9502ea919edfdde960028cab7bb82bdefae5915fd8aec61ec5f359aaec6a73ea753aaff724e36d8753fef9635e0946e18a0899ff8d89a5564941c0ab1c98b24e0720f73ea8fed93176bd2a065aeb644a0,
Abhijeet Shende,2023,,UNIT 5 (TNM),Documents/Abhijeet Shende/Notes/2023/TNM/UNIT 5 (TNM).pdf,pdf,,,TNM,Notes,https://storage.googleapis.com/abhi-hub.appspot.com/Documents/Abhijeet%20Shende/Notes/2023/TNM/UNIT%205%20%28TNM%29.pdf?X-Goog-Algorithm=GOOG4-RSA-SHA256&X-Goog-Credential=firebase-adminsdk-6gamz%40abhi-hub.iam.gserviceaccount.com%2F20250204%2Fauto%2Fstorage%2Fgoog4_request&X-Goog-Date=20250204T183118Z&X-Goog-Expires=3600&X-Goog-SignedHeaders=host&X-Goog-Signature=469b87d6dc810ceab8ac7308cf2cf036cb8872d64c45d8e9a2e1b644d3cd9692e9e9d1a0105c6212fe90ca4cc61ae3cd123564be39a0a2b9d9c75480415948d1637514499fefd07063f2b2c9a68d8eb0472306129bdc9a2462f087f1632a58654e823d40cc2f0220fed7c40d1d41d51b1cf2a965c5cbc48923ba7daf5a25b8d3646eeed969ec3b829c9b9e274154d70374e575be64878617028749fad68dde499290ebd35d7b1a04a315bd5bbaaa83142e5b835a24fb592eab5f8021047f107921ef69b0da5383261ad3fc851c78b866bf6ec03fd2b2f94226d6726931c91e02d82cfffa8369c23e8d3906fbc94a8a77e1fcec7e8c01898efd7ccfdaef8a536f,
Abhijeet Shende,2023,,UI&UX UNIT 1,Documents/Abhijeet Shende/Notes/2023/UIUX/UI&UX UNIT 1.pdf,pdf,,,UIUX,Notes,https://storage.googleapis.com/abhi-hub.appspot.com/Documents/Abhijeet%20Shende/Notes/2023/UIUX/UI%26UX%20UNIT%201.pdf?X-Goog-Algorithm=GOOG4-RSA-SHA256&X-Goog-Credential=firebase-adminsdk-6gamz%40abhi-hub.iam.gserviceaccount.com%2F20250204%2Fauto%2Fstorage%2Fgoog4_request&X-Goog-Date=20250204T183118Z&X-Goog-Expires=3600&X-Goog-SignedHeaders=host&X-Goog-Signature=2d8f2450ce4579307598ad7a79f38edcbfd565184b6834c4a6644cccf2b05bbc3a0f0140cadb2b708d37dfb9aa5babf512bfa45d5dfd5573e6b6d1fc704ec45d03e6d25a50b65f9c6dad2e459eda26b5b1be7d99de2c2f066695feb456270be20ae3e5cceff925c45a768a76896639c9c7227a6a14621fdda988587c12e3e83274dd6b84522c864a4f33ca308f32c4997654a9aaf1feb91b09180ac178a0b63bbb8b7977262d509f3ff78ab74857b3eeda41c8feaa93dbd135fa604a0ce738a14f7716f64be6211196dc5bc54000b99c5f1c9eada0348bd25596c12362e0a229d63634d00c875669977c7cb95996f3fc64767170d47783a04ba5ff43c9a1eb67,
Abhijeet Shende,2023,,UI&UX UNIT 2,Documents/Abhijeet Shende/Notes/2023/UIUX/UI&UX UNIT 2.pdf,pdf,,,UIUX,Notes,https://storage.googleapis.com/abhi-hub.appspot.com/Documents/Abhijeet%20Shende/Notes/2023/UIUX/UI%26UX%20UNIT%202.pdf?X-Goog-Algorithm=GOOG4-RSA-SHA256&X-Goog-Credential=firebase-adminsdk-6gamz%40abhi-hub.iam.gserviceaccount.com%2F20250204%2Fauto%2Fstorage%2Fgoog4_request&X-Goog-Date=20250204T183118Z&X-Goog-Expires=3600&X-Goog-SignedHeaders=host&X-Goog-Signature=65a047522050252892487e4df7153e20fafd67bf653dbd91bb3fb59e7e52987295997244dc5c5da98c52ecc3a6669b7ce2b97efecf7a0ae4dfd7a46d9b58f1bf60a997d0462bf1a8a5f23324f07cfc505dac78230b9e0fb6c213df8d285c247e77173f9a638f38e73d441e5aaf2fe902cfcedd051bb3233210593fa06ff72f1d7c29015be5b7a3a7eeea6a7f857d6317793b7f36eb20aa454720029889a3e28ab4502cd19bac4f7fb99df71905042955b0a3d9add6b4b586ea95c0ab7453209ffedec6996e014cbe8f5c299131a3fb9f9f0e48bd2abeaa895d505d92ad6c297cc5f22ad9b28609dfae83d1d2859562085a21d4f9ae10b01ccb05781a2e8c68c9,
Abhijeet Shende,2023,,UIUX Notes,Documents/Abhijeet Shende/Notes/2023/UIUX/UIUX Notes.pdf,pdf,,,UIUX,Notes,https://storage.googleapis.com/abhi-hub.appspot.com/Documents/Abhijeet%20Shende/Notes/2023/UIUX/UIUX%20Notes.pdf?X-Goog-Algorithm=GOOG4-RSA-SHA256&X-Goog-Credential=firebase-adminsdk-6gamz%40abhi-hub.iam.gserviceaccount.com%2F20250204%2Fauto%2Fstorage%2Fgoog4_request&X-Goog-Date=20250204T183118Z&X-Goog-Expires=3600&X-Goog-SignedHeaders=host&X-Goog-Signature=4a854965760c80c3ba0439c31748149a27ef6dd77ad0bf9df536bd4d1cacc8db53c3149240e65caa18a962e6b16b3b3e1574d4811a5f9c33e15dbc3a4093d6418162754b894896a5926f3d9ecc487ac15b1faf7e4833d0ec577647fcce059d1e9f2e95c58d3c4689dd868b07b8f45580d34450ed50e1edbe7fe256a1452d146d6c44bbf3b5dc7cd2f27a5f8a4a8a6056da316177f05b6e1de265087f7625cafbfc62304582d62dbebe8cf0282f99c92d36ccbeee7c180c43752779a08b09bedcc100aac519db5a05dd410b003e9d5d3a9db72219a1bc507d4e34c3424f4cb68c79fb875835329942f8c02395416c66b30e3f7af1fb62b242afd5bcbad5022607,
Abhijeet Shende,2025,,Spoken Tutorial RDBMS-U1,Documents/Abhijeet Shende/Notes/2025/Spoken Tutorial RDBMS/Spoken Tutorial RDBMS-U1.pdf,pdf,,,Spoken Tutorial RDBMS,Notes,https://storage.googleapis.com/abhi-hub.appspot.com/Documents/Abhijeet%20Shende/Notes/2025/Spoken%20Tutorial%20RDBMS/Spoken%20Tutorial%20RDBMS-U1.pdf?X-Goog-Algorithm=GOOG4-RSA-SHA256&X-Goog-Credential=firebase-adminsdk-6gamz%40abhi-hub.iam.gserviceaccount.com%2F20250204%2Fauto%2Fstorage%2Fgoog4_request&X-Goog-Date=20250204T183118Z&X-Goog-Expires=3600&X-Goog-SignedHeaders=host&X-Goog-Signature=6db41aa7b51d71260b7004cbb3f24b55739e2d3ec33efdc940f38f22a0e3ae812946175767dcac81c7dd08a930078c0a987996a4884ce93b8e1daca2ebae250cf257c67bc8d998a6725112cb470fc747133ba343d84a72d487d72fc71c9f52cf3988e9980b966327858a568cd5e6f197ad33c0f3834979b9d970f58834f1b6eceb7316f4b574fa09f1e9497d83b21d62089d386e6b221d748596073355c89c7482cf5e2253fe77470116ecf54f56c117dab55836467dd713e6786d821d3863393290527cec8c188b1a3b287322781bc084422dec0801abeae1d187e54c8f91eba9147800968301f9dc07c69712e25a9d536953ef11b369268e8dc8fc0a74c009,
Abhijeet Shende,2025,,DAA  TAE1 (By GPT)-CAE1,Documents/Abhijeet Shende/Other/2025/DAA  TAE1 (By GPT)/DAA  TAE1 (By GPT)-CAE1.pdf,pdf,,,DAA  TAE1 (By GPT),Other,https://storage.googleapis.com/abhi-hub.appspot.com/Documents/Abhijeet%20Shende/Other/2025/DAA%20%20TAE1%20%28By%20GPT%29/DAA%20%20TAE1%20%28By%20GPT%29-CAE1.pdf?X-Goog-Algorithm=GOOG4-RSA-SHA256&X-Goog-Credential=firebase-adminsdk-6gamz%40abhi-hub.iam.gserviceaccount.com%2F20250204%2Fauto%2Fstorage%2Fgoog4_request&X-Goog-Date=20250204T183118Z&X-Goog-Expires=3600&X-Goog-SignedHeaders=host&X-Goog-Signature=03766b3d910807b4ac34b86f9369b2455404cad9fc34c6c9dd703ff90ae13ce49f3bc1cb1bcfada7989428606cfa75d79b23f9149d151b6c8481720baecda0d0c890f3caae1425a51d4ac08dba0d525c633a3a85b980c460c1129b8af191831b749ca782f066c6fda45120707199dc841d28766053a90998b4fe12469cf226dd6d58c88b30ac37f0fb018f6dd0dc44543959b4add5f2567b68daa5053a399553a1548e78d7df096c3d5de5c42b35875dbb89266f9ce80a9df5c24ef6a790fea5fac2277b16951dc4f3cd4eaec3c6c0b6b81e80faa07c1b19951ef2c37efaab805a68101edaafc7fa4c068663ac6facf060b99fbc87635a83fa6c46c58ae6544d,
Abhijeet Shende,2025,,DAA TAE-U1,Documents/Abhijeet Shende/Other/2025/DAA TAE/DAA TAE-U1.pdf,pdf,,,DAA TAE,Other,https://storage.googleapis.com/abhi-hub.appspot.com/Documents/Abhijeet%20Shende/Other/2025/DAA%20TAE/DAA%20TAE-U1.pdf?X-Goog-Algorithm=GOOG4-RSA-SHA256&X-Goog-Credential=firebase-adminsdk-6gamz%40abhi-hub.iam.gserviceaccount.com%2F20250204%2Fauto%2Fstorage%2Fgoog4_request&X-Goog-Date=20250204T183118Z&X-Goog-Expires=3600&X-Goog-SignedHeaders=host&X-Goog-Signature=692eaf62e1f772c9137dcb912515cf343ad0305a85c1ee18e5561a52992b0e6c54dace7a93f918f941c425d20d5360ac27bd5bbd28740d4c69a6519e07d360794f0157dc8a7fc50278e653eca541a2ed6e909f8234ebed6dbb2b32f8802400dd03cf26532993dba08bf7f58e08652c1412669a356d515ba20e1e6a86081c257102536ee3f4dec294f1a9cd3988096b4813053da366c47d97c1b099eabefc15c10f1e26ca73656bc9140b2c4f5f14fd7b7d47dcd223b1b1c378deb5f20d74568eddf0f750601a499acde256eee68af3138442b6a2da297fa464470bd7abcb5af9e122e5be0b4af4ccc88a58fd6c4c4208a9aad30eb81146cea2bc1b339de30fda,
Abhijeet Shende,2025,,DSA (Python)-CAE1,Documents/Abhijeet Shende/Other/2025/DSA (Python)/DSA (Python)-CAE1.pdf,pdf,,,DSA (Python),Other,https://storage.googleapis.com/abhi-hub.appspot.com/Documents/Abhijeet%20Shende/Other/2025/DSA%20%28Python%29/DSA%20%28Python%29-CAE1.pdf?X-Goog-Algorithm=GOOG4-RSA-SHA256&X-Goog-Credential=firebase-adminsdk-6gamz%40abhi-hub.iam.gserviceaccount.com%2F20250204%2Fauto%2Fstorage%2Fgoog4_request&X-Goog-Date=20250204T183118Z&X-Goog-Expires=3600&X-Goog-SignedHeaders=host&X-Goog-Signature=300861d8cafc02158d3aa99cda77fd819fbc8eb9cbd3ffb1f73b5bc5f1d279d2fefe7f58758d2c34002d7edf81bc190ed17702d6f92eefdb6db7b3cff06bcd6dfda82620108774536eb3e676d03649d0c88411badf0efee19539b7280204c326306b9cee0b7f31d1a6f78412d644d4b5bf797a25a4e3108bea387d95a58a730434d9463d37cd264cb042a5413627cabaedb0c5c703259e89bd5f802f1c6a6e2b62e3683655f417dd5bdfbf9b62fdeb5796ea557049880d5ad103648e37c246b10358d39f953c6a8b9b977e023af4bc635b34ef2aa02408e4ce2ab902f6ebbb3d0edfb3ab85ed9e15a19de9c06d32cf58214d2ada2e21cd4443760154b35aaac8,
Abhijeet Shende,2025,,Holiday List-U1,Documents/Abhijeet Shende/Other/2025/Holiday List/Holiday List-U1.jpg,jpg,,,Holiday List,Other,https://storage.googleapis.com/abhi-hub.appspot.com/Documents/Abhijeet%20Shende/Other/2025/Holiday%20List/Holiday%20List-U1.jpg?X-Goog-Algorithm=GOOG4-RSA-SHA256&X-Goog-Credential=firebase-adminsdk-6gamz%40abhi-hub.iam.gserviceaccount.com%2F20250204%2Fauto%2Fstorage%2Fgoog4_request&X-Goog-Date=20250204T183118Z&X-Goog-Expires=3600&X-Goog-SignedHeaders=host&X-Goog-Signature=4636bb052fc9ddf0b54e3ae556350dfbcc47aebfcbc9fba0a33e5e97bf41d4264c77d2fe316dcb1ed1a98f4aece0901b457cf020ea38abb9a09b5e66b00fe857befa6e5f9a3bd07d1310720a9a95032d8e08ffb26ca195e0744f1a6270b31ee9427d308deffee7d2e36ec3507a55f733df70ba4ff567cdd2d77972584caa84cc0ea5621a01c2ecc32da6e3be580f08fd34aedc78ecca76f2efe0f52d932aba97561c029edadc0e8d674b8d6d7d0ee43f9f2fe437bd67b2930eb739adbb94e53e8b19e4070704cab5232c9f750a8c6db3da25dcaac691f07e82d9244f07d81b44d38c1ae75bf14d97369a63eb6aef3f95e9251ae4fb9fb80dd3fff3c356271b4d,
Abhijeet Shende,2025,,TAE-U1,Documents/Abhijeet Shende/Other/2025/TAE/TAE-U1.pdf,pdf,,,TAE,Other,https://storage.googleapis.com/abhi-hub.appspot.com/Documents/Abhijeet%20Shende/Other/2025/TAE/TAE-U1.pdf?X-Goog-Algorithm=GOOG4-RSA-SHA256&X-Goog-Credential=firebase-adminsdk-6gamz%40abhi-hub.iam.gserviceaccount.com%2F20250204%2Fauto%2Fstorage%2Fgoog4_request&X-Goog-Date=20250204T183118Z&X-Goog-Expires=3600&X-Goog-SignedHeaders=host&X-Goog-Signature=396b7db7c8fdaf28b5ab14365e489641e579473148164930b9a75d67a6d64527992b84ce47312b7eeca83c7278a3f1cccf3e2ce482de92754ccbaac465e8326adf674dc77f8760c90e5f5cebe95569c81202f23363a22b1249c31c03620e17232ce3909a62cd4296a9e268587166526e96743c6cb25f30ac153e0233d837854cf7248838539fc5f51adb16bfaac1006634406007cc9f3379ddcafe4e62e95a53534cf7d322312f80baad56ca562d709c25e91808c599702086cbf897dbfca4b325995f0ac508e62667acd1e8fbdd8ccf1d7a3861a0efa1fd68c71a2f30e762523e65a21e8f8ebc38ba048e958fcaf7d7042fc70be94362c79ba817a3ab3c637d,
Abhijeet Shende,2023,,CN-CAE1,Documents/Abhijeet Shende/PYQ/2023/CN-CAE1.jpg,jpg,,,CN-CAE1.jpg,Papers,https://storage.googleapis.com/abhi-hub.appspot.com/Documents/Abhijeet%20Shende/PYQ/2023/CN-CAE1.jpg?X-Goog-Algorithm=GOOG4-RSA-SHA256&X-Goog-Credential=firebase-adminsdk-6gamz%40abhi-hub.iam.gserviceaccount.com%2F20250204%2Fauto%2Fstorage%2Fgoog4_request&X-Goog-Date=20250204T183118Z&X-Goog-Expires=3600&X-Goog-SignedHeaders=host&X-Goog-Signature=4ac219db5b9e9101a897e298067e22fca0395c25112612e2bd1da230f48d99499d4fac0d29830607307625d037fb7725c2d37a31f3e4e8817548c0fb017e8e04049c2477cedaaea397a0955876efe6dd1005121e6e439115c4bc174188333d241f34b5319399d9fd034afe3e12f45aa648719a242da563c0e40d64eb6986c3287c7a0595451d1e0f3db65b66cf9df57d01134a17a5377f509fbd33084ab3cb7e0f17e33c528d5ab6d435d963a64ceaddedc2d507ef38c686988318286e3a7907156583ff6e36f3abef48e5028363417a5f01d1cee03848a4672b918f718721987b12e2b68f13032f8d5c76794a5795287c6f2dd1cd8b58ba5ce2ecdc6c14ee59,
Abhijeet Shende,2023,,CN-CAE2,Documents/Abhijeet Shende/PYQ/2023/CN-CAE2.jpg,jpg,,,CN-CAE2.jpg,Papers,https://storage.googleapis.com/abhi-hub.appspot.com/Documents/Abhijeet%20Shende/PYQ/2023/CN-CAE2.jpg?X-Goog-Algorithm=GOOG4-RSA-SHA256&X-Goog-Credential=firebase-adminsdk-6gamz%40abhi-hub.iam.gserviceaccount.com%2F20250204%2Fauto%2Fstorage%2Fgoog4_request&X-Goog-Date=20250204T183118Z&X-Goog-Expires=3600&X-Goog-SignedHeaders=host&X-Goog-Signature=1377227936640efbf9076e2e4c6023a107ec5d36f3ba16f6d1c1fd3d9ecaa052344ca413505b9a82fa5ced2b533bc92d9ee71dedf2b92b304f893cec357e24e5ccd4c0a437d36c85b2f4eeaf7031be084ad146944110e895e934e7386d0a7792b21c4b27d5e23044e6d5e5cda0c3594bfe69ef64f554f34b632b02d5a4198cd81492f3fd8f5b69ee4a4b1f4335408b261d3f73ba6e60f54c9aecd1cefbdd8dcb053e6b8a657d8b80b959f076ff3283adff40715c2fdd92e2c45a7d818a1765b818b365926a4aa32a769e8918761d8ad1817fa2ace0a4b18edf0b14a1a39e41c2d633d5e9cd4c76240f1ffb15f66b122eb0f4905e413957bbe3e9f15132553b38,
Abhijeet Shende,2023,,CN-ESE,Documents/Abhijeet Shende/PYQ/2023/CN-ESE.jpg,jpg,,,CN-ESE.jpg,Papers,https://storage.googleapis.com/abhi-hub.appspot.com/Documents/Abhijeet%20Shende/PYQ/2023/CN-ESE.jpg?X-Goog-Algorithm=GOOG4-RSA-SHA256&X-Goog-Credential=firebase-adminsdk-6gamz%40abhi-hub.iam.gserviceaccount.com%2F20250204%2Fauto%2Fstorage%2Fgoog4_request&X-Goog-Date=20250204T183118Z&X-Goog-Expires=3600&X-Goog-SignedHeaders=host&X-Goog-Signature=59500fc8abecc0832717729b4070d2e50f99812328a67b8f3d536d8b28f6e8f3369660bad520c3ec0c558a412a42d923a51c706827720eac3db7e1f899e5085b4f23056d0db2e7ddb4ba9e6b1e8be88ed0dd0bacc8c91e0d2ce9d6a0d498867749f6b85950675ddddb2244240f9b112f930d57a02c92d424546a0828ee122a4ee94a45e5ca4a986b17947babf0ae7fa5c3dc4b852c4ac1a68e16e294dd558580e9532e9c815d616108ad14f7be870cf6124fd4ad570b5f970473b84c9009dc9f25f7a5f4aa89de9dba8dfff9dc54220cbd5c6a48705743cc1c6b5afc61b81f8d0cf48fb2ecee118b74453e8708661d7c82b5df03de78fd8969ecfbb9193fb88a,
Abhijeet Shende,2023,,FLA-CAE 1,Documents/Abhijeet Shende/PYQ/2023/FLA-CAE 1.jpg,jpg,,,FLA-CAE 1.jpg,Papers,https://storage.googleapis.com/abhi-hub.appspot.com/Documents/Abhijeet%20Shende/PYQ/2023/FLA-CAE%201.jpg?X-Goog-Algorithm=GOOG4-RSA-SHA256&X-Goog-Credential=firebase-adminsdk-6gamz%40abhi-hub.iam.gserviceaccount.com%2F20250204%2Fauto%2Fstorage%2Fgoog4_request&X-Goog-Date=20250204T183118Z&X-Goog-Expires=3600&X-Goog-SignedHeaders=host&X-Goog-Signature=83ee5144cfa17d5c86fb2a7a3dc6fbc588cb2e42c0731b76e63f26b65c7d8bb4f05344123347d86f94c9ba3ce291a32a5da0971b16418c0603e03ede12ac08df18df583a44d04d5b24441fad829d12f4c278af8c4284868dd56fea9f2bf6050c49d92d71adf5b090c04351b05970d60cb4ea19197fa00000fe14c54c557f998b221abf51a323677f401b1ca6b4bdc7f0e03ceb1c1b17c454ec9237cc2cd1500da25cba80544e7f79576dcc8ea1853fb790eb54588548a203562a24214666748e343874b91de270f6e4588156d3df8d25e70492ab7e089f05dfe88a9372a2c6ed477554d2acc60d4e3e2ba28914d1768cb14ca62ccebb3ec183aad9602a14c5db,
Abhijeet Shende,2023,,FLA-CAE 2,Documents/Abhijeet Shende/PYQ/2023/FLA-CAE 2.jpg,jpg,,,FLA-CAE 2.jpg,Papers,https://storage.googleapis.com/abhi-hub.appspot.com/Documents/Abhijeet%20Shende/PYQ/2023/FLA-CAE%202.jpg?X-Goog-Algorithm=GOOG4-RSA-SHA256&X-Goog-Credential=firebase-adminsdk-6gamz%40abhi-hub.iam.gserviceaccount.com%2F20250204%2Fauto%2Fstorage%2Fgoog4_request&X-Goog-Date=20250204T183118Z&X-Goog-Expires=3600&X-Goog-SignedHeaders=host&X-Goog-Signature=997972a07839f9408ef65655a54c17b6de2390fb8ea35e1457181c33814c7db6265a5cf6c225a6c583bb119f05f99007615bc36597b63fc42b2d0d77b7a12d1919c7632d773949f366212115c2a0512f6f354182ad509d9d1dd6dca2f0e130cee2ca5fae1371703862ccd442d77a4d7f84f01cde4522535f52f05887d3182bc36c3e34b92ffa302f158069b05edb917ccc81aacbba8fc9a3e09efaaa431054359354a39f06d6e187d4a95147c43d2deebe73ea9892bdc5ff751f2a26266ab677c163b79f4f89708c3d2cd3f2f4a2e3b3c5812d57251034db604c20f60bfa82dad4afeb3ddb4dbe89f2b5580072885628c0eb2dc0798a114f695b9058c68e9937,
Abhijeet Shende,2023,,FLA-CAE1,Documents/Abhijeet Shende/PYQ/2023/FLA-CAE1.jpg,jpg,,,FLA-CAE1.jpg,Papers,https://storage.googleapis.com/abhi-hub.appspot.com/Documents/Abhijeet%20Shende/PYQ/2023/FLA-CAE1.jpg?X-Goog-Algorithm=GOOG4-RSA-SHA256&X-Goog-Credential=firebase-adminsdk-6gamz%40abhi-hub.iam.gserviceaccount.com%2F20250204%2Fauto%2Fstorage%2Fgoog4_request&X-Goog-Date=20250204T183118Z&X-Goog-Expires=3600&X-Goog-SignedHeaders=host&X-Goog-Signature=051c5218159b1a7cd77b2f5983f763d2741117ed4ce7b443525a367f6781b41b8c7ad7bee61a4d9171b35b6cf2aac84862b56f7816fca10ec597024e73e5b4fa415b0bfd01d77f9cb9175d06fe2477846c20827b820d47d4094df691f4a5e0a6c947659e5f01f1ca2035b346df0a10e7b7f4d6ff755887d03dc0664e1a5c30519cd43084b10f0e4a24b128d6676655ae531e3ace711b6b05f85f911fe927206604e8db35af90bfeacc09ba1f01159bdccd4629480703ebb4586342e0acc9f7e52dbed78e2db988e7c31e04fe392646a21a925fb05c9871454831ae2ca438ec72dfaacebc0b5980b117e689a5350cc4ad6b22b6015480b46efb76362e6cb1938b,
Abhijeet Shende,2023,,FLA-CAE2,Documents/Abhijeet Shende/PYQ/2023/FLA-CAE2.jpg,jpg,,,FLA-CAE2.jpg,Papers,https://storage.googleapis.com/abhi-hub.appspot.com/Documents/Abhijeet%20Shende/PYQ/2023/FLA-CAE2.jpg?X-Goog-Algorithm=GOOG4-RSA-SHA256&X-Goog-Credential=firebase-adminsdk-6gamz%40abhi-hub.iam.gserviceaccount.com%2F20250204%2Fauto%2Fstorage%2Fgoog4_request&X-Goog-Date=20250204T183118Z&X-Goog-Expires=3600&X-Goog-SignedHeaders=host&X-Goog-Signature=69189ed0aeb0033f06b286e0e5ccacc3b412d428cc5f6344dd8ca8c5aa50ea139cb61606d6e738658845eea933565674f226a320388b322cb0df949ca58fbc3c140d6c8a9c47d8142304479a7711e01710dfa290febaba8679d80a34cbf77cadb3bdc6d34277ec0663de595cb49d47696e3f4b60a12e17e1d2f683aae105e82428a83a428d1854e559d5730de21826eb25473e7f4bcecbb8bdf83b847a14bcb290e98e6cb0f6cb37325fd8091b79ee3a2ce16b0b3613cc991f4317fd08422432e2890416f27d88c0f1c13810dbd08ec56d08c6fb77fa036063b4c573fe66fbcd58c6803a5946f11bd50649073b2e2b3389a2c8a9790d0c50d16f535b1ebf76f5,
Abhijeet Shende,2023,,MLA-CAE1,Documents/Abhijeet Shende/PYQ/2023/MLA-CAE1.jpg,jpg,,,MLA-CAE1.jpg,Papers,https://storage.googleapis.com/abhi-hub.appspot.com/Documents/Abhijeet%20Shende/PYQ/2023/MLA-CAE1.jpg?X-Goog-Algorithm=GOOG4-RSA-SHA256&X-Goog-Credential=firebase-adminsdk-6gamz%40abhi-hub.iam.gserviceaccount.com%2F20250204%2Fauto%2Fstorage%2Fgoog4_request&X-Goog-Date=20250204T183118Z&X-Goog-Expires=3600&X-Goog-SignedHeaders=host&X-Goog-Signature=7c54db8872c701bccc925dbad8f3175bf274bb1896dc48d0816bc2e0073095714c88885d6b9ab037ee7976e381874d1613c29a1f9b70cf191623b76a8b1d0ac410383ed389c7f0768421695ccc421a094787fe072036eeaec9b5c303a7aa018d3e5dfd6510d144d2055bd4817ef1b44d431eabb5546adbfb58ee81ca05e32fceba3c5ee89a44bd5f1a4c8f36f334cd16587396d869c480f32306af66cdbd15fc2ab2a868015b8113b7e9df700632930acfc77abf7d765c08118203c4678493d58d9ed952212b18a758173ac4a331476b3852f35b61ec744956515ea3d30f05043c930e601ff0425682ae8b15367b395ce9e53540d1140050fa90d8e82256b70d,
Abhijeet Shende,2023,,MLA-CAE2,Documents/Abhijeet Shende/PYQ/2023/MLA-CAE2.jpg,jpg,,,MLA-CAE2.jpg,Papers,https://storage.googleapis.com/abhi-hub.appspot.com/Documents/Abhijeet%20Shende/PYQ/2023/MLA-CAE2.jpg?X-Goog-Algorithm=GOOG4-RSA-SHA256&X-Goog-Credential=firebase-adminsdk-6gamz%40abhi-hub.iam.gserviceaccount.com%2F20250204%2Fauto%2Fstorage%2Fgoog4_request&X-Goog-Date=20250204T183118Z&X-Goog-Expires=3600&X-Goog-SignedHeaders=host&X-Goog-Signature=65aabda14d37b382288269f3f2603bded35068bdfb8b09567525d4c2ec3cfd5febd2dc0c5fc9f2dadd6b97ef0a29b674028bcf9753bb99674b31b176672f97cb7a77911f31665ca6d9f8a337b1e37c81e9cb33c2a48fc80f7c0abecae23d52a28ce0ed04d2e2bd74091c2be64d91187667629a9b0ec7a01d1daab4a68e0b59af6e6244b6d33422e2d8dc812a11bd4f1feb99469eb00ca628e25ae296a21c7607fd6f384803ac08e308f016658a88874a7749e44ce88d3a078d59bc304366454e552eb85c37a00c23c3d0bd31cdb6eea71664c8a4bc1f865dbc9d4fb99932d00ec9b3457c35886c6d1387e68a2caa7723358e833ed949eb0b03e22509f483efe4,
Abhijeet Shende,2023,,MLA-ESE,Documents/Abhijeet Shende/PYQ/2023/MLA-ESE.jpg,jpg,,,MLA-ESE.jpg,Papers,https://storage.googleapis.com/abhi-hub.appspot.com/Documents/Abhijeet%20Shende/PYQ/2023/MLA-ESE.jpg?X-Goog-Algorithm=GOOG4-RSA-SHA256&X-Goog-Credential=firebase-adminsdk-6gamz%40abhi-hub.iam.gserviceaccount.com%2F20250204%2Fauto%2Fstorage%2Fgoog4_request&X-Goog-Date=20250204T183118Z&X-Goog-Expires=3600&X-Goog-SignedHeaders=host&X-Goog-Signature=b044109f90de4c65bd90f9160df9d2151cb3f76a504355b7327e51d6968fa804ec8f02096e3c0e65946fed4ee51df848d36ed8aaf43db24e8224a910f9bfe85ae9961d3ef62f8bf648362061fd3b97ca951e80f5e96a64e2b7f5c1106ddfb2fd5338c93ca113e8f67e240831fa0a8aff74f0d552d8952635ccea9c92aec811b977c193ab1fd957d43b5eb978bd3ea521685e0bc3113cea12c900ab37ad7e7ae05beaa7e7cc42f860e782f4022542427624f5939f856b16d5bb906ab24b0ff38db1a07c17ae914ed05a61ca327e3475d0baba029019fac59b5fddb27946405e0f41cd3ad91f354f7321d4a62d108938bb8622cec9fcc420327d7e7a6be7eeea0d,
Abhijeet Shende,2023,,TNM-CAE1,Documents/Abhijeet Shende/PYQ/2023/TNM-CAE1.jpg,jpg,,,TNM-CAE1.jpg,Papers,https://storage.googleapis.com/abhi-hub.appspot.com/Documents/Abhijeet%20Shende/PYQ/2023/TNM-CAE1.jpg?X-Goog-Algorithm=GOOG4-RSA-SHA256&X-Goog-Credential=firebase-adminsdk-6gamz%40abhi-hub.iam.gserviceaccount.com%2F20250204%2Fauto%2Fstorage%2Fgoog4_request&X-Goog-Date=20250204T183118Z&X-Goog-Expires=3600&X-Goog-SignedHeaders=host&X-Goog-Signature=98bf630c21caecf999a9490948daf98b00291f3a8f10ebc7d54b77f7ae30ac0137fad877dcb104d8538a115b604abc50766d12399c925521b1c47ccccebf1a9bb4b598c5eaa5e026d03933eaa7b1b1d10a1d0973e700b5c57c555e8f423f028ff8082e75ae925903fcc122df905641f3e9dcfaec67bd9c2a8dff9faddda7f6b1f329021c1e16a4b78dc1a7fe69ca30063a4678949ab6b5530f1cf6c595ada9d0dc526ce1e9ed7a49c993490b808a0cdb92685a9a866342bac4b22a5039e7e515d532bb4b4ecff0dcf579e0f469c4c40fe0fc3b0bb2487d9e6524462b6b235d4dd3f663404b5ef3773327400db2d8678356d43b767571df429a5503fdd08b173f,
Abhijeet Shende,2023,,TNM-CAE2,Documents/Abhijeet Shende/PYQ/2023/TNM-CAE2.jpg,jpg,,,TNM-CAE2.jpg,Papers,https://storage.googleapis.com/abhi-hub.appspot.com/Documents/Abhijeet%20Shende/PYQ/2023/TNM-CAE2.jpg?X-Goog-Algorithm=GOOG4-RSA-SHA256&X-Goog-Credential=firebase-adminsdk-6gamz%40abhi-hub.iam.gserviceaccount.com%2F20250204%2Fauto%2Fstorage%2Fgoog4_request&X-Goog-Date=20250204T183118Z&X-Goog-Expires=3600&X-Goog-SignedHeaders=host&X-Goog-Signature=8787bd2bd2409b88544d1eab1c501f85db5d307f3568ed04123dfeda000a47c574531d5c18ce5ef6814551ba9e5fc67fa8941452210e36682916517fe2e1b7c0bfa93b57a5db692362c183fa4c8332f036d82d64073b8d5687e00293defda469af28236e2d262bccdde0e9bf4e2c22f0a60047b0acd0f840f533c528917cb30b16c0d6ac048a1e4e1b45c031ed205133e1ee34b5562bc39acf66fcbc270a284d76275b5ba3e144251e086537604ad3a6ebaa31c3c59c379051c2033b0e7de965205e847bf5a1f3a9a2097beac67142f5883a3ca4c410d7b20fdf37e8e953ffdafb55445ac8fd064d6a6f426db6d32ed090f497522377d0c7e3e92595f1251775,
Abhijeet Shende,2023,,TNM-ESE,Documents/Abhijeet Shende/PYQ/2023/TNM-ESE.jpg,jpg,,,TNM-ESE.jpg,Papers,https://storage.googleapis.com/abhi-hub.appspot.com/Documents/Abhijeet%20Shende/PYQ/2023/TNM-ESE.jpg?X-Goog-Algorithm=GOOG4-RSA-SHA256&X-Goog-Credential=firebase-adminsdk-6gamz%40abhi-hub.iam.gserviceaccount.com%2F20250204%2Fauto%2Fstorage%2Fgoog4_request&X-Goog-Date=20250204T183118Z&X-Goog-Expires=3600&X-Goog-SignedHeaders=host&X-Goog-Signature=037467b76466537b347a2f63bff8af6dc97025be07b63ddf541e188c7ccdda18cc0cd88e508750a8bcd50a2d6f4f3a9ad1ddfe16cd4fee64c08854986fae978116a53e2762cef543b9a496fe5facd9a71b95bbb7c60da39d7eeb2461e85178df1e846cc8627c9b31e0e2ee166891eda1fcfa0b8e98b27d3a83ad2ad291c12ea53909dc4753c426c5266d8a6b386316f1fccb2f1eef0b2949afa62b86e8684296afce9caeda32a87dbff1f1614ba29639c9ea9b9d958ffaa185f0be045ef92ab15435251a1fe5856110a3f0b0f457e15b38730d5f79cc7b401d3dc6659bf3e19cba7c442ee2a36eb8772741a00b75a5f290b780bfda1dc13538c2cd3d1c21cd5f,
Abhijeet Shende,2023,,UIUX-CAE1,Documents/Abhijeet Shende/PYQ/2023/UIUX-CAE1.jpg,jpg,,,UIUX-CAE1.jpg,Papers,https://storage.googleapis.com/abhi-hub.appspot.com/Documents/Abhijeet%20Shende/PYQ/2023/UIUX-CAE1.jpg?X-Goog-Algorithm=GOOG4-RSA-SHA256&X-Goog-Credential=firebase-adminsdk-6gamz%40abhi-hub.iam.gserviceaccount.com%2F20250204%2Fauto%2Fstorage%2Fgoog4_request&X-Goog-Date=20250204T183118Z&X-Goog-Expires=3600&X-Goog-SignedHeaders=host&X-Goog-Signature=43d9e023f65197dabe316588f398d3efd09a86533cb8df3f812eeab3012a74dfe24e62cee62fdc504b7aa9e3ca6a177c03123a3e3d2682af66373998403d27a016917fb5cc238f4b6a92351825cdd58ea3a73be259858d3685ec8f8660fbc7920c07662c96ef8d0732d5a7d5c59733a609823742996bc387b7f0d2de8047e0c9ee1fdc6a6ed6cec354689dd79b9e7d25c27038574ae9d2afd86b197c3cfaba169e529cdadc430da9330ddb4f6b675167a7c3d64bd92e2a2ecf81e1cc6768b28d1869547f0ce38f6e7e4fdaf50ba76da38e9c0f81636d326258013829ef7ef721d22530d092f45e0fbff4b0f2d90c46bb788be572073e73438ef6bbc77cb2aa0d,
Abhijeet Shende,2023,,UIUX-ESE,Documents/Abhijeet Shende/PYQ/2023/UIUX-ESE.jpg,jpg,,,UIUX-ESE.jpg,Papers,https://storage.googleapis.com/abhi-hub.appspot.com/Documents/Abhijeet%20Shende/PYQ/2023/UIUX-ESE.jpg?X-Goog-Algorithm=GOOG4-RSA-SHA256&X-Goog-Credential=firebase-adminsdk-6gamz%40abhi-hub.iam.gserviceaccount.com%2F20250204%2Fauto%2Fstorage%2Fgoog4_request&X-Goog-Date=20250204T183118Z&X-Goog-Expires=3600&X-Goog-SignedHeaders=host&X-Goog-Signature=4ec1dd3a4baa758583d07d7ec704da3e5b865e013c4f92815ce77f1c95cb3736ad1c4fd6087c884ed98602b765b080e042e9fb6c1d9f2088df64de0c3e2d8ee4d72d8f7493cc95ca78c00c72ed79e08e040d63adf555443905690124ecafaccc56047d8444499c3f15bd08f36cc396b792b495669c179fe9c2f3b6cbedf00f679722201a112ac8a7c9a6afcc9af9913655f2f2cb2765cb19d591b3f062a98c3c31c1a5d4ddfcdf1f82fc2a69f61f4b36a082266628bec91bca97707fe8c3b1b1fac86d202533a369135369b022f3ff8f1039437789c03e488b549951260ce28c3ec0bcc705c9c8cf33355031b232f5e5f238ffcf954f5880cbf9a04baaa82c20,
Abhijeet Shende,2023,,BDC(Big Data Computing)-Practical 2-Writeup,Documents/Abhijeet Shende/Practical/2023/BDC(Big Data Computing)/BDC(Big Data Computing)-Practical 2-Writeup.pdf,pdf,,,BDC(Big Data Computing),Practicals,https://storage.googleapis.com/abhi-hub.appspot.com/Documents/Abhijeet%20Shende/Practical/2023/BDC%28Big%20Data%20Computing%29/BDC%28Big%20Data%20Computing%29-Practical%202-Writeup.pdf?X-Goog-Algorithm=GOOG4-RSA-SHA256&X-Goog-Credential=firebase-adminsdk-6gamz%40abhi-hub.iam.gserviceaccount.com%2F20250204%2Fauto%2Fstorage%2Fgoog4_request&X-Goog-Date=20250204T183118Z&X-Goog-Expires=3600&X-Goog-SignedHeaders=host&X-Goog-Signature=1ce5397b1cf9a71c40dc53d3c38760898c33c085d2643189a018aa8830c5521c72eb901a0fb9275d2124f74fa0bf604570d1bf5631d9fd46f674e5c5c143445f88920b9bec487c1ab50af18396c53b89128068a7aedd203a2798373fff7afe453ac24173ce1d1b567605268965f91d5614db0ba3e550cb1ea274522ec92584afb2c91b55fbe11c2e219d44e2a365369a3c827f2ca7e968a420feaa8aa3ad272836251747f8547af6f21008db63572653bfcf2d5b1c0001ecd8dc67a22b219c835ed10ce7f5a28e45ee139e84f47ced3f3ead153bb457a87162153771ead0843314cbe036f463d150f59e58a44344530aba669a77d71c6cb2966f864f1b42da71,
Abhijeet Shende,2023,,DSA 9-10,Documents/Abhijeet Shende/Practical/2023/DSA/DSA 9-10.pdf,pdf,,,DSA,Practicals,https://storage.googleapis.com/abhi-hub.appspot.com/Documents/Abhijeet%20Shende/Practical/2023/DSA/DSA%209-10.pdf?X-Goog-Algorithm=GOOG4-RSA-SHA256&X-Goog-Credential=firebase-adminsdk-6gamz%40abhi-hub.iam.gserviceaccount.com%2F20250204%2Fauto%2Fstorage%2Fgoog4_request&X-Goog-Date=20250204T183118Z&X-Goog-Expires=3600&X-Goog-SignedHeaders=host&X-Goog-Signature=6f154f156c8eaddc38eab0f34edc4c10370735379a7870077f747cfa2ded7c84047c68a6a15c0a47127f9afa8370e2c7bf298b0de3ee804562f3f763c327a9d5bc5c736d0ad7993fc0fa6c5cec9a3bdcf53ea8b48b1b53967a4a3743fc0f424b68206783bf815136a470ef8d2e65a744bb8e2879f1c8961bf4b3f1ae66eb368e44ffd0aae4b4f48bdd10ebbe86ef7c531c172be9f7445e8fe75009e22eb67c50bc0803ce2d825d3b6b3864aa97d27fe553b736c090db011384c047e2cf819c409bf6552741257b5556fb1c11064622a4515d65910c982cd768b319f089206fbfebbfc893f939fddd1eb33e897bce801320b999facc46e18332269efac6d4aa8d,
Abhijeet Shende,2023,,DSA PRACTICAL  (1-8),Documents/Abhijeet Shende/Practical/2023/DSA/DSA PRACTICAL  (1-8).pdf,pdf,,,DSA,Practicals,https://storage.googleapis.com/abhi-hub.appspot.com/Documents/Abhijeet%20Shende/Practical/2023/DSA/DSA%20PRACTICAL%20%20%281-8%29.pdf?X-Goog-Algorithm=GOOG4-RSA-SHA256&X-Goog-Credential=firebase-adminsdk-6gamz%40abhi-hub.iam.gserviceaccount.com%2F20250204%2Fauto%2Fstorage%2Fgoog4_request&X-Goog-Date=20250204T183118Z&X-Goog-Expires=3600&X-Goog-SignedHeaders=host&X-Goog-Signature=7db27aa111c58384c1d7cfd17551f8d89a3284fab0bbf5288206ea50758b7c06fccb77ff4c9bc46e025d42e9a759946a8ecd3e746d55f2cf052dada2fc978c81fdc9961490845615d29edf75befdb9b9b934d530a59d03900eb0cdda6333160838531d8b5adb0c6c6714eda7b8a65adf5d6d5da0343b3071b2699972153b3a13faa1ff46339d3a9ecad049af77e295c5d590117483b9855b1a899103571318000210287a8c63ac81a478e1104e84fd51ab2b315aa45d03c7f15d2e26bf7770b462fba1bfab5f529127fa74345b414ee1b5cdcd1ea5d69c76086cf580bc42fef54c004ec3c020dcbc6589ba7ebecfaf95bfcc5e31baf5f685abf5697b1c174e43,
Abhijeet Shende,2024,,DAA_2,Documents/Abhijeet Shende/Practical/2024/DAA/DAA_2.pdf,pdf,,,DAA,Practicals,https://storage.googleapis.com/abhi-hub.appspot.com/Documents/Abhijeet%20Shende/Practical/2024/DAA/DAA_2.pdf?X-Goog-Algorithm=GOOG4-RSA-SHA256&X-Goog-Credential=firebase-adminsdk-6gamz%40abhi-hub.iam.gserviceaccount.com%2F20250204%2Fauto%2Fstorage%2Fgoog4_request&X-Goog-Date=20250204T183118Z&X-Goog-Expires=3600&X-Goog-SignedHeaders=host&X-Goog-Signature=a3041908fc4aa30c04859a6f2aa77cce8d4216f4134f19fea8ad0d4cdc38ad1a910bc6fbf20301595e6528dc200a8aa35d5b2fc01dc423e62355c711551610d3a793c243f1095d088999d5150a49cfa4e77b781153ee4294ca0910a4bc129750a9e6214bdef6ce017e742e89cf1e3577e71a3e176954b06627886f51ab0bd4a6dc9016522273c602d3e2458282d01d05a5d64993cf747ef0f9053965585903d3e2a4f3be1839e11138a87aaebcaf8e90f4cfa4206860976e0edd31c3c8f7078803cb328f56b8c6e740e7ba76be3a1fe594404e5363b4ed05caf508a0a242c329cb7837ee2eb037546d8d1b889be898257a27cbcff0999f3cf2e0a28a6db6608b,
Abhijeet Shende,2024,,DAA_3,Documents/Abhijeet Shende/Practical/2024/DAA/DAA_3.pdf,pdf,,,DAA,Practicals,https://storage.googleapis.com/abhi-hub.appspot.com/Documents/Abhijeet%20Shende/Practical/2024/DAA/DAA_3.pdf?X-Goog-Algorithm=GOOG4-RSA-SHA256&X-Goog-Credential=firebase-adminsdk-6gamz%40abhi-hub.iam.gserviceaccount.com%2F20250204%2Fauto%2Fstorage%2Fgoog4_request&X-Goog-Date=20250204T183118Z&X-Goog-Expires=3600&X-Goog-SignedHeaders=host&X-Goog-Signature=0d36c0396038f50010ea4c4896eab6eac66db04b56a94b899a7a8ae1b7de078357d236250bb5a71a64897fe853c869725770cd9166ea8439a592da66aae9c2cc9d074638efb468a0c9aae1e09683f9e7b5292f48bf981647d46dbeacdc7ec73d999b76dceb3368b9b3d984f4b07d5d3faf930a293e8f79358baf831214542443af20229d7db67618ea7d4174dd965bc934a9e8f91eccc0d1d904639dcfe6e52ebf58d6a0e4e1cf50622194ec3508f47b5bf73abdb2e33854923fbbbc38ada5d3e391bf79357b9eb231bae9fb1ea92ddb6d96dae3b2cf412590f74aa660d792c1f99bebd9312b19313ea0d9be9741f4f1aaa17c986cded500f868e1278abcdb7c,
Abhijeet Shende,2025,,BDC(Big Data Computing)-Practical 1-Writeup,Documents/Abhijeet Shende/Practical/2025/BDC(Big Data Computing)/BDC(Big Data Computing)-Practical 1-Writeup.pdf,pdf,,,BDC(Big Data Computing),Practicals,https://storage.googleapis.com/abhi-hub.appspot.com/Documents/Abhijeet%20Shende/Practical/2025/BDC%28Big%20Data%20Computing%29/BDC%28Big%20Data%20Computing%29-Practical%201-Writeup.pdf?X-Goog-Algorithm=GOOG4-RSA-SHA256&X-Goog-Credential=firebase-adminsdk-6gamz%40abhi-hub.iam.gserviceaccount.com%2F20250204%2Fauto%2Fstorage%2Fgoog4_request&X-Goog-Date=20250204T183118Z&X-Goog-Expires=3600&X-Goog-SignedHeaders=host&X-Goog-Signature=2a637a9006b72c2871cf270ccd771da0d21fc60bb08af5740187d29210773feb4470c7e61978b78ab08a7093b9b060b30d395581d0221a8198cdbdf431e59b14c710f5b50211ce5903bf8f872f6f434e7902347804c96bb7e1656fe343f5a70d806e36d3308422ac58b11addb2382150a98fd58bc720393d6045ba8d5396a290c346a8b05cb16c0c937a470b2de9723f32e88e2dd3412a182d3e5335a29966a278c59442213bd1fdf7c637ae4b85484fc691506ce318292280cdc15d351d0b486156286504592ad99969c3e33d9546d573e4328b70e40366348ddc66fb6208d8bbc2b422a6a750a53d121d6ab92ac20c2de18f755a8576869eb08d34c0858b5f,
Abhijeet Shende,2025,,CVDL_1,Documents/Abhijeet Shende/Practical/2025/CVDL/CVDL_1.pdf,pdf,,,CVDL,Practicals,https://storage.googleapis.com/abhi-hub.appspot.com/Documents/Abhijeet%20Shende/Practical/2025/CVDL/CVDL_1.pdf?X-Goog-Algorithm=GOOG4-RSA-SHA256&X-Goog-Credential=firebase-adminsdk-6gamz%40abhi-hub.iam.gserviceaccount.com%2F20250204%2Fauto%2Fstorage%2Fgoog4_request&X-Goog-Date=20250204T183118Z&X-Goog-Expires=3600&X-Goog-SignedHeaders=host&X-Goog-Signature=7f296533fcedddac960d3234e8d1e62a157fc13a8369a18c05200ee55e5abafa19019ad0e3436786e609e9cddd5a35ea8e67b0f257a11223f2b7ab824bd53e4eb6fbb08ad742bb5dc91a8dc97f96be59fe9505312b6af1267610b2450fb9b23e1a8068cc5990c4a5c8e837eaf89a1b2f6e04223a56278a16a6872add16b7df14bd44ea7e5c62dab4941285bbfd6a41ccc8b1d3a984084797805c66515714246f3e07edaff5bd9feb1282c6bf265842925f0372c042946c9f5151064969bad21793bf42757126a322225bbb3b32baa9648c523473efd3ff5282a1c140ed22ccc78e374a6fe147eb3fa4b5698491adcb3495d642ca58084f30386d891c37d62875,
Abhijeet Shende,2025,,CVDL_2,Documents/Abhijeet Shende/Practical/2025/CVDL/CVDL_2.pdf,pdf,,,CVDL,Practicals,https://storage.googleapis.com/abhi-hub.appspot.com/Documents/Abhijeet%20Shende/Practical/2025/CVDL/CVDL_2.pdf?X-Goog-Algorithm=GOOG4-RSA-SHA256&X-Goog-Credential=firebase-adminsdk-6gamz%40abhi-hub.iam.gserviceaccount.com%2F20250204%2Fauto%2Fstorage%2Fgoog4_request&X-Goog-Date=20250204T183118Z&X-Goog-Expires=3600&X-Goog-SignedHeaders=host&X-Goog-Signature=6c18cf25b4b036f235a319dce7d019e25e13bcc1b452f8b4c4694bbe9e392747caac3de11c85384b0d037c69e2a4172df2db6e16b3edade12ce7bbee3c36e73fb0744db72ee291d58e294fd029ecfa584a116f30aff0a7ff3612bb1dcad71654570e244463f2e649f98569307b63b0d7b09b51f0ec2bee89777480e91618bdb7cbb12dc48f095e4510a8437791b34616fca7fe2a4a702c9650d39a0d6cacccc89542c676f486cfb622db62cdfc6bf336299ded692a21c52c5facdc5db8ca855bbe9b16c27e0a24d2e1ed42fbbfa3ada58b8cdfaab4cab3feab114bff462f60c36e88ce4610746dfb508705d1d7ee095bd322f429e42d9df9a235468ae582658f,
Akhtar Hussain,2018,,Book,Documents/Akhtar Hussain/Book/2018/Human Psychology/Book.pdf,pdf,,,Human Psychology,Book,https://storage.googleapis.com/abhi-hub.appspot.com/Documents/Akhtar%20Hussain/Book/2018/Human%20Psychology/Book.pdf?X-Goog-Algorithm=GOOG4-RSA-SHA256&X-Goog-Credential=firebase-adminsdk-6gamz%40abhi-hub.iam.gserviceaccount.com%2F20250204%2Fauto%2Fstorage%2Fgoog4_request&X-Goog-Date=20250204T183118Z&X-Goog-Expires=3600&X-Goog-SignedHeaders=host&X-Goog-Signature=9f650e41dc0513b7b76bad65cfaecc0ebc8c6c19f43d7f5e60dba42099402ad899181c2d5be72455412dcf9534479bcc9232a13688b8a4137e16957c95f61d91c8bea07b5d334b1b82b41c12ab2dfcfbee31d277e772bc11ae2979276f9790e3120d223ab67fc7b6f7304a1379565f64719200f9ec91a3222cb22f79bf8aff2ff06321c85e757af586fdd17ac33306653f4a73738f2a48f9d4f7bcb7815554bbac9f241f07ef0e19824ea70c7a75efec989ba8676a9ca1556fa03463ff6cb7a85037b40eaab1411a3ca702edc36eda58c3820d145f81a2f93b761375711a990c0d104d9918194487596fd2bbf1e4355f3ef560d72734d4133fd2124f6a5ce57b,
Jayesh Choudhari,2025,,Practical 2,Documents/Jayesh Choudhari/Practical/2025/BDC/Practical 2.pdf,pdf,,,BDC,Practicals,https://storage.googleapis.com/abhi-hub.appspot.com/Documents/Jayesh%20Choudhari/Practical/2025/BDC/Practical%202.pdf?X-Goog-Algorithm=GOOG4-RSA-SHA256&X-Goog-Credential=firebase-adminsdk-6gamz%40abhi-hub.iam.gserviceaccount.com%2F20250204%2Fauto%2Fstorage%2Fgoog4_request&X-Goog-Date=20250204T183118Z&X-Goog-Expires=3600&X-Goog-SignedHeaders=host&X-Goog-Signature=37ebfa6ce70e3e4e99ebac1af929233c8dd258d4d18198cfb859378a7e198931a18739a25442a4948bdd2d1fc72f2410c2cf34d2c4fb8af51f02e35750f91f0fd6d21cfb0f8d5ab556a0d01aa07416f0f5948404fbab2d43a12b7dde7ca21a950bd888628ebe53977f647dde12728c9a4c805cc70d75126c6f4670dd34ce8c509d82e2713424441dac40fdc598fb5110c1942f418cecab349456dcad12cae1cd63f8139c9daf78f567a033265a39c583b7802ba4fc5450207010ca12f7ad0bc1a8f21ca0d4d43abb65d7a8dd0de2ca3807c8e4ad9c6b232849bba5ac7d7c7386d72a8e03462bcc255321fd8396b54880ba12d2006140f5772394dd785a9a29c9,
Ujjwal Patle,2025,,DAA-Practical 1-Writeup,Documents/Ujjwal Patle/Practical/2025/DAA/DAA-Practical 1-Writeup.pdf,pdf,,,DAA,Practicals,https://storage.googleapis.com/abhi-hub.appspot.com/Documents/Ujjwal%20Patle/Practical/2025/DAA/DAA-Practical%201-Writeup.pdf?X-Goog-Algorithm=GOOG4-RSA-SHA256&X-Goog-Credential=firebase-adminsdk-6gamz%40abhi-hub.iam.gserviceaccount.com%2F20250204%2Fauto%2Fstorage%2Fgoog4_request&X-Goog-Date=20250204T183118Z&X-Goog-Expires=3600&X-Goog-SignedHeaders=host&X-Goog-Signature=5a0d387690b37f575b1bdc61b9810f769b70211a7f90568c0cd8aa7555048d3416748fa7db6133b2402b3640988ad4ba18db9d6517917613bd20e046629b773cb98f5b0f589d3ff77b32384be3bbf370237b2f878cecb458f0ea4e3929b54ccaf5981dcf8b767d55d2c97bc3c4620738b59ceaa8f36388a9d68902d9948ab2d99fcd6b669d9e0fbf6b38ada437c4920e6598e476a715e2cbcd2657c65b1dc76ba7b42f3d6289a474f40294a298ad450839b01c2515355bbb6cabfbf2c41bd36fe9f0c3b01a2814aa9b236e50d3013521fdc0d5fa77abacf3050134f041f9111b74196f9e5cfb079957b2b93031b9c33cb86fc4e99d40e8af9b61bcbc1a642b0f,
Ujjwal Patle,2025,,Practical 1,Documents/Ujjwal Patle/Practical/2025/DAA/Practical 1.pdf,pdf,,,DAA,Practicals,https://storage.googleapis.com/abhi-hub.appspot.com/Documents/Ujjwal%20Patle/Practical/2025/DAA/Practical%201.pdf?X-Goog-Algorithm=GOOG4-RSA-SHA256&X-Goog-Credential=firebase-adminsdk-6gamz%40abhi-hub.iam.gserviceaccount.com%2F20250204%2Fauto%2Fstorage%2Fgoog4_request&X-Goog-Date=20250204T183118Z&X-Goog-Expires=3600&X-Goog-SignedHeaders=host&X-Goog-Signature=726e4c60337ae34f3684b784b95d2cfe3ff4124011a10f4df44cfb12181f7a8d85e1a402e0d7e73dceb2420a80591681d6e708f73c8b144782d5c5ea26baf7133ddfc3162727a6e1ea3b63498ed06f6d6a6ab2202806eed94ba6798de00acd182838bb9a621a4c7835c914c3f7984c97036ed3a99c4a856b591fba82d591afac9fcb9884e0ad3e6764c78208e0283d0862abcc63872780e7c1fa0bd55993ce6a7172da9b75c42fb3a5f31c857be21dcd7b117863a79da6aed33097649613453f1419a1384b274d9e82c878b1b43399c029d6e0713016e60a75afac71b61165e0e9735d69468fdbd2c1f1db29aba9a54d38b047d5c0f48d4e7220b45a3bdd0539,
Ujjwal Patle,2025,,Practical 2,Documents/Ujjwal Patle/Practical/2025/DAA/Practical 2.pdf,pdf,,,DAA,Practicals,https://storage.googleapis.com/abhi-hub.appspot.com/Documents/Ujjwal%20Patle/Practical/2025/DAA/Practical%202.pdf?X-Goog-Algorithm=GOOG4-RSA-SHA256&X-Goog-Credential=firebase-adminsdk-6gamz%40abhi-hub.iam.gserviceaccount.com%2F20250204%2Fauto%2Fstorage%2Fgoog4_request&X-Goog-Date=20250204T183118Z&X-Goog-Expires=3600&X-Goog-SignedHeaders=host&X-Goog-Signature=98d0c565fea0615166840c40632e7c29dbf33ecc278b2c7c9bb262a533a999dbcea4e0aa70b67eb280af4ebcc762e3a27358b7d78ad1ae9585e8de1d06cd5e1c9ffad20ecdb863492344ad610609c68ba2c9fff4e0db3465c48ebe08699b3875168cbc58fb230cc54f79842fc4d1f4ffc6fe317537a2a2f09f49db20627edd94c9046e9e94bf7a5f9fd2310d6935002857c381938a76fcbf6db4fe93830193aad2d1c0a0a19d270f011b42519ffe9d97c1a08df220d436a01524059ba5b191b700b052907bb19bdebe34a3f2fd2436f707468a6a04382dea610b6c556da498e382be5a9d87c3b779b5a78cf62bc896104b955927867b2e8cf7a84679077a2e23,
Yash Tarale,2023,,SC -ESE,Documents/Yash Tarale/PYQ/2023/SC /SC -ESE.jpg,jpg,,,SC ,Papers,https://storage.googleapis.com/abhi-hub.appspot.com/Documents/Yash%20Tarale/PYQ/2023/SC%20/SC%20-ESE.jpg?X-Goog-Algorithm=GOOG4-RSA-SHA256&X-Goog-Credential=firebase-adminsdk-6gamz%40abhi-hub.iam.gserviceaccount.com%2F20250204%2Fauto%2Fstorage%2Fgoog4_request&X-Goog-Date=20250204T183118Z&X-Goog-Expires=3600&X-Goog-SignedHeaders=host&X-Goog-Signature=00dae5245e9126a9d65f0a64a0ebe7a1f7e7ef8b95c64eb1dbda5ef67e1e531f044b2ef372ca14c2fa502a3e53b3ef80410c0b1e4e8893e4f68d708d4043f6e70e29d4a2354c387d41ae7afa3c3b0faf5f0682268ded68a58ddf7e7303ba6d4e50a371069d458080a1226f52ecc99fa09c403e2423eba0bffef8a649e5aed1ce0db8af12c4ff327a1ae414953c899d26d252c0981c030824a0c23d04c0df32670da642181870055461e80229ca671eee5e0312d84bb8856e35bd23d6721e360b4b83bd40ee3f67a3ce48af80321bc54c32b02c13d0d950b541c86eeff21249f3a5ec14d01389171d0b5f879784b8d7bedb19e2f0f3bb8e4fb0f7b54c3dbfa70d,
shrawani,2020,,EC ESE 2020 PYQ-ESE,Documents/shrawani/PYQ/2020/EC ESE 2020 PYQ-ESE.jpg,jpg,,,EC ESE 2020 PYQ-ESE.jpg,Papers,https://storage.googleapis.com/abhi-hub.appspot.com/Documents/shrawani/PYQ/2020/EC%20ESE%202020%20PYQ-ESE.jpg?X-Goog-Algorithm=GOOG4-RSA-SHA256&X-Goog-Credential=firebase-adminsdk-6gamz%40abhi-hub.iam.gserviceaccount.com%2F20250204%2Fauto%2Fstorage%2Fgoog4_request&X-Goog-Date=20250204T183118Z&X-Goog-Expires=3600&X-Goog-SignedHeaders=host&X-Goog-Signature=27f52bfe5fba20b2d8899e3fd9d4f19631cf441d70c237c8ac46bcfa88a930076ce0f5c687e9cba4a68d916b645391f93fdcaf06391fc10690806cd33bf3afaa6f8fe980a17bb00113c010c4804b324df7671684a141cbb89ce9700cc63a629b6fb93f7155d6957c945bc4a00ac50376a16f1da857457f1ef50e69da81572b33d4d6ae05d53010058151cfa6c936393623d68b61ec91a629040305c308ccb3ce15b1497e4d376f2338c6742b2f8f0a33e324f48cd32758ddfb041d3e60ad02007b2a2d20e5892d963f871537373d34ffff86c32b3303e385e5da181055c6834e294e99b4855b8411bc3e017932b1e685664622e5f95e97cc6b4021d10ffce1fb,
shrawani,2021,,EC ESE 2021 PYQ-ESE,Documents/shrawani/PYQ/2021/EC ESE 2021 PYQ-ESE.jpg,jpg,,,EC ESE 2021 PYQ-ESE.jpg,Papers,https://storage.googleapis.com/abhi-hub.appspot.com/Documents/shrawani/PYQ/2021/EC%20ESE%202021%20PYQ-ESE.jpg?X-Goog-Algorithm=GOOG4-RSA-SHA256&X-Goog-Credential=firebase-adminsdk-6gamz%40abhi-hub.iam.gserviceaccount.com%2F20250204%2Fauto%2Fstorage%2Fgoog4_request&X-Goog-Date=20250204T183118Z&X-Goog-Expires=3600&X-Goog-SignedHeaders=host&X-Goog-Signature=5f9aec5aa68c7b11f283c125c0526a2721a1d1c88ac30af4f910e971ad402b76e99ec17bbebfce2b94e462f88fa471b012939dfff121a074515c40db3ac3d17acb5ecb09754680ce3a8c12e0271e8fbc7faaec6f255d7f789b40029916baf4a58e5831484b06e9f35769094501a3fdbec930db0d7146c167cdfe3bda5f95569ce4284518e73c4b536ae6c8d0eb9863e450789c8360506969d7cfdc5eef155af3f466e8b6b7afa6cdcedad8ac27240eae8cf6eb6dc4206a16d2f2e07ddb85fd611ca725c6d2d0de7c9e3c89094a121ea36466d1cc0b3c78313f29c25b15ad1b4dc7a53520a50d92433811c7dbba68d0191a9b2c6722528def7065bb07b8782f0e,
shrawani,2021,,EC b ESE 2021 PYQ-ESE,Documents/shrawani/PYQ/2021/EC b ESE 2021 PYQ-ESE.jpg,jpg,,,EC b ESE 2021 PYQ-ESE.jpg,Papers,https://storage.googleapis.com/abhi-hub.appspot.com/Documents/shrawani/PYQ/2021/EC%20b%20ESE%202021%20PYQ-ESE.jpg?X-Goog-Algorithm=GOOG4-RSA-SHA256&X-Goog-Credential=firebase-adminsdk-6gamz%40abhi-hub.iam.gserviceaccount.com%2F20250204%2Fauto%2Fstorage%2Fgoog4_request&X-Goog-Date=20250204T183118Z&X-Goog-Expires=3600&X-Goog-SignedHeaders=host&X-Goog-Signature=7525433aae50d2aafdf8a77dcdbd61b45ed420d56d665659396918719283806eaaa0879d70688254bd744b7c721c1ee603c749b030ee9a0b8ce51e4dceb36d5e3ab45e85a7d95ed76c94a87d50a7a74d72eb3c2d78d5ed118f90449f1fcff2ef5f33c74de1f29a661de8e3d0fb690085c9816dd77ba10b683fcde1eaf1d6ada964548e1e7d63fbeb66d09836839f60caa1c25224b3a3e2e755ef5ceac3366259278f902d90ad13af18e86f0788b061cd2ace9af27f339482bc4c491b20e9666e0fdc112b3f8782fd30bca6977855f742f11416c4def4936f65533364b56916041cc44edf1ba6ea1c1772927b71bb9781cccddab9953d292b26985ae0ad572cda,
shrawani,2022,,EC CAE2 2022 PYQ-CAE2,Documents/shrawani/PYQ/2022/EC CAE2 2022 PYQ-CAE2.jpg,jpg,,,EC CAE2 2022 PYQ-CAE2.jpg,Papers,https://storage.googleapis.com/abhi-hub.appspot.com/Documents/shrawani/PYQ/2022/EC%20CAE2%202022%20PYQ-CAE2.jpg?X-Goog-Algorithm=GOOG4-RSA-SHA256&X-Goog-Credential=firebase-adminsdk-6gamz%40abhi-hub.iam.gserviceaccount.com%2F20250204%2Fauto%2Fstorage%2Fgoog4_request&X-Goog-Date=20250204T183118Z&X-Goog-Expires=3600&X-Goog-SignedHeaders=host&X-Goog-Signature=a5902b30dcd1777622181757d6fbf3698ff4e23fd895e9b3f44737aaaebeddb90f7e69f17795244e1a52984908c8a9a33162ce03fae271f3c4d1f9d20edb436ba66bf228de9f3b144c1c4034a8e39ee1aa464d78323a68f6e2295f86c5d07357a329a56eb862c5cdf127e94521962d8e4d8cbbbc12fd96a195f111873edf05f2cf6f11da43a569012b134a508c432575858406e5c5470d27465f2dc23f9aa7dae56b1a7e6d9ad3f4d2b9c95ed34db9ac605ceb8d1376344099fd03e80cc5bae63cbf437a442e04fa794250d51f78222926b01709a43b7220d1256cdd0a8d9ca7960005c3dc22ec278a161889141351e9c1eab11a8ef497a680e410ceeefc8c33,
shrawani,2022,,EC ESE 2022 PYQ-ESE,Documents/shrawani/PYQ/2022/EC ESE 2022 PYQ-ESE.jpg,jpg,,,EC ESE 2022 PYQ-ESE.jpg,Papers,https://storage.googleapis.com/abhi-hub.appspot.com/Documents/shrawani/PYQ/2022/EC%20ESE%202022%20PYQ-ESE.jpg?X-Goog-Algorithm=GOOG4-RSA-SHA256&X-Goog-Credential=firebase-adminsdk-6gamz%40abhi-hub.iam.gserviceaccount.com%2F20250204%2Fauto%2Fstorage%2Fgoog4_request&X-Goog-Date=20250204T183118Z&X-Goog-Expires=3600&X-Goog-SignedHeaders=host&X-Goog-Signature=a4c04c89000ecbc979a12c920769539b1c27c380ddb35d37d0370709389d1d6bd2693634f862950470c8cf3abdafd90926c0f482d7cba20fef39c7fa2537204586f56750c97ae2585e5f7b49522e6fc640286684b970a00b7c53abf611a372e1ae3551085937398fd7a73f36c3169e821c6e0d0971d858ecf8157334e2cf8e299e879e7a4b7ef07f55ee11763bb2b20691a7e07beaafbdb84111cd59f9acd74df35c7a1f15bcc06bf094bee9e5746a35d8a60fb785bd2241fd6d0acfa6d5e710b79e8feecd9e0699d3d1169f8c6244f50556776149e95ed39f3ca2d87a9263e1ed8fa666c2027f1fe58b3aa1ae226d4505471c426a541ed80f3bcb1990b60fd2,
shrawani,2022,,LAS CAE2 2022 PYQ-CAE2,Documents/shrawani/PYQ/2022/LAS CAE2 2022 PYQ-CAE2.jpg,jpg,,,LAS CAE2 2022 PYQ-CAE2.jpg,Papers,https://storage.googleapis.com/abhi-hub.appspot.com/Documents/shrawani/PYQ/2022/LAS%20CAE2%202022%20PYQ-CAE2.jpg?X-Goog-Algorithm=GOOG4-RSA-SHA256&X-Goog-Credential=firebase-adminsdk-6gamz%40abhi-hub.iam.gserviceaccount.com%2F20250204%2Fauto%2Fstorage%2Fgoog4_request&X-Goog-Date=20250204T183118Z&X-Goog-Expires=3600&X-Goog-SignedHeaders=host&X-Goog-Signature=0d6b3e781c31a61e3e9a6dbb08c98f7918c8d110aa23aefe3dea203145170409cb1780684503e3519684e7b60905c28fb81b71261a2250cae9c9b8870879bd56cbd8430fcccdf43214f9e10a33871ccee1c746b2bf8ca52d37f4bfd4b2f7464b72eb312564cba86bb803339dc38814552284adcf8c09f90b7bc42a125c58134524b38869527e5539ede30092214edabcfd88f8c9e5b99fbb7d7fbd0662148f9be6735723244217cef58b9e138065febd242c411edb2cc5c4a715c0edccf9a001dc26cec009aaf65ea1aa599988e64c2e12b9e90102514e79cc60c793b5da57b82b013a7113cd70538368717ede03c84d185e12eeb2453318cfe14796cc645118,
shrawani,2022,,LAS-P1 ESE 2022 PYQ-ESE,Documents/shrawani/PYQ/2022/LAS-P1 ESE 2022 PYQ-ESE.jpg,jpg,,,LAS-P1 ESE 2022 PYQ-ESE.jpg,Papers,https://storage.googleapis.com/abhi-hub.appspot.com/Documents/shrawani/PYQ/2022/LAS-P1%20ESE%202022%20PYQ-ESE.jpg?X-Goog-Algorithm=GOOG4-RSA-SHA256&X-Goog-Credential=firebase-adminsdk-6gamz%40abhi-hub.iam.gserviceaccount.com%2F20250204%2Fauto%2Fstorage%2Fgoog4_request&X-Goog-Date=20250204T183118Z&X-Goog-Expires=3600&X-Goog-SignedHeaders=host&X-Goog-Signature=235a0ca6d015af86823c23ca6c03eb1013cc755073f9134d73b68157e19e559a61a0da6a3095590cd0e678fb485e90f0bfa31766032014451ef4b09ece32eb30ff1292e494e12ada74d4dc0ea26d7eb0e5b841077b62701a4f71b40282f32f00d67f765a2216ad6cbf4758017cb16cc276cbc8d4afe51a2a9870a645881d1a6c9435b81b7cd4e0ba3f9a22b65e17e1a5f4ead9b0b1b18d68ed8c3a8e4e674b275317291ee3e8ce8770f8fd69069a37dbe9059160de8e4295b3f524ba7ca792787a52fef812c45be28c15f6356d83cc39b486826d63fe77bcf2d52cf52ef3eb37700032b79b0b0541177adff4a16547a1212d3e043cedaa018a052dfc4a4babb1,
shrawani,2022,,LAS-P2 ESE 2022 PYQ-ESE,Documents/shrawani/PYQ/2022/LAS-P2 ESE 2022 PYQ-ESE.jpg,jpg,,,LAS-P2 ESE 2022 PYQ-ESE.jpg,Papers,https://storage.googleapis.com/abhi-hub.appspot.com/Documents/shrawani/PYQ/2022/LAS-P2%20ESE%202022%20PYQ-ESE.jpg?X-Goog-Algorithm=GOOG4-RSA-SHA256&X-Goog-Credential=firebase-adminsdk-6gamz%40abhi-hub.iam.gserviceaccount.com%2F20250204%2Fauto%2Fstorage%2Fgoog4_request&X-Goog-Date=20250204T183118Z&X-Goog-Expires=3600&X-Goog-SignedHeaders=host&X-Goog-Signature=a7b37323275ec4be9979da037c1a42764cd23710a1607a731fe6c13fe2f216a12880c1f889dde0d52c92437427f6b0e54324f6cf32841f5c51c57f54c62c0eb86e197338c534fab9227174e0a74b6dbf9f42a11ce35108c3392a63e593552c21c3418f8f1bfaf07a998947acefedc75e70c38ac870ad56b14414938453142940dc45c12eb49e4cb1a87871ed8b4721768f5f90e85fd5efdc299ddf1355c8e4f2d0d5e7cbede553119a1e5c8c0b448a2c04648a88bbe616c96ea6819bf0c6822ec3235250a8056e8e04d84c2f47bbf0832be66f780194b8c8d9e06b9a553f6ee83a044d464ec0d32e594bc7ffb1aee73b9f51fe5938ae26c1c6a45bf1ed593f3c,
shrawani,2022,,M&DC CAE2 2022 PYQ-CAE2,Documents/shrawani/PYQ/2022/M&DC CAE2 2022 PYQ-CAE2.jpg,jpg,,,M&DC CAE2 2022 PYQ-CAE2.jpg,Papers,https://storage.googleapis.com/abhi-hub.appspot.com/Documents/shrawani/PYQ/2022/M%26DC%20CAE2%202022%20PYQ-CAE2.jpg?X-Goog-Algorithm=GOOG4-RSA-SHA256&X-Goog-Credential=firebase-adminsdk-6gamz%40abhi-hub.iam.gserviceaccount.com%2F20250204%2Fauto%2Fstorage%2Fgoog4_request&X-Goog-Date=20250204T183118Z&X-Goog-Expires=3600&X-Goog-SignedHeaders=host&X-Goog-Signature=1eb593f88b6ea575ac54c1e08d95de2b6366a0e5c25a151ec0792165e46a9d5c8c068bd6fa5bbec2f8b6c00ac3f4ed57fc44964d1435fc47eb1fd003817c202ae9ef7842a9713f41789e088e3fe0c8fbaae140faa09b3f22102675db61df0132f2f9b00b32eaca08b68a67161ae9c8ba22b89bc35cdd8038cb22325a97406fd01c4420c34dc61b502a9d04eaac58c38b852021352b906fa9baca10475745dd151123c5cc34b63740cf39d7d6b2fc67c0d65d8e8f5d5343826b0c0b929f94ed955713b9b5a54e26c862fe518b92b4a8de8b6ea7d4f2f884874f3b0eb6ad133acf4a049871627bba730efe573ece618caeb0ffd8b424af7e8f8bafa98889f2b817,
shrawani,2022,,M&DC ESE 2022 PYQ-ESE,Documents/shrawani/PYQ/2022/M&DC ESE 2022 PYQ-ESE.jpg,jpg,,,M&DC ESE 2022 PYQ-ESE.jpg,Papers,https://storage.googleapis.com/abhi-hub.appspot.com/Documents/shrawani/PYQ/2022/M%26DC%20ESE%202022%20PYQ-ESE.jpg?X-Goog-Algorithm=GOOG4-RSA-SHA256&X-Goog-Credential=firebase-adminsdk-6gamz%40abhi-hub.iam.gserviceaccount.com%2F20250204%2Fauto%2Fstorage%2Fgoog4_request&X-Goog-Date=20250204T183118Z&X-Goog-Expires=3600&X-Goog-SignedHeaders=host&X-Goog-Signature=2b4132f058399677b92f4644f2c0780054ad4fbb661858e9b8dbfa100441fb545bf9e060cb847cd31aa1f9dba1a9a2186986dc9c3cbd08d9706f6723956df4d8a447461f28f6cc368e3dd8170fdf55be5d42a1b3ebf85ef8bc20731d2438ebb1219028ba6733e80d21e8f05024a5883823b0bde1759f8e6f3c4eb4d7edaef0eb6148ebb0a4f981335d2d545ea50525a7a4d358cb126166cab9dd7f9beca18f45aee8f6342fe55bc3b5200b3d9316ee087bbb6f58479724a545a296df0363d038dee06715f371ce0525d18eb05f545fff6ab93468b17a9530e387ce68a57b67f17ee0d15f43781911d09d3c096a7b8344d03c300f7b012674133c7ad4261e014f,
shrawani,2022,,MDC  CAE2 2022 PYQ-CAE2,Documents/shrawani/PYQ/2022/MDC  CAE2 2022 PYQ-CAE2.jpg,jpg,,,MDC  CAE2 2022 PYQ-CAE2.jpg,Papers,https://storage.googleapis.com/abhi-hub.appspot.com/Documents/shrawani/PYQ/2022/MDC%20%20CAE2%202022%20PYQ-CAE2.jpg?X-Goog-Algorithm=GOOG4-RSA-SHA256&X-Goog-Credential=firebase-adminsdk-6gamz%40abhi-hub.iam.gserviceaccount.com%2F20250204%2Fauto%2Fstorage%2Fgoog4_request&X-Goog-Date=20250204T183118Z&X-Goog-Expires=3600&X-Goog-SignedHeaders=host&X-Goog-Signature=4b89eded3ccac27ee9cbaffcc067b21fc7e661b767528c52fe2f787e9fcd60c9c9f1df4e31ad54a4064c78e2561097af20fde5f1391ba9b6c062f27099195b50416ce959672fa628aa72c7bcb56628212fbca7bd893dfda702b354ce9df5d7d24747ed4fa2368ccfe2fb95fd656eba4b586889e8c756e809370da93410db7bcd3ca18e2902eb80a7c3277761e1f0473fc857b909a67c2f104dea7dc8226df1cc32fec06d7f3431d475eb55156e8c7a99aee5a274b903991ef7be2be7febc21047d33dbc0ebef3d757a735778d7a34eb4a0264dc342a6691b7fd1a600bb3cc5b01e64222f36c0dccd19bd08411e8678cc21533f45ef079bcad099d8fc931a5188,
shrawani,2022,,MDC ESE 2022 PYQ-ESE,Documents/shrawani/PYQ/2022/MDC ESE 2022 PYQ-ESE.jpg,jpg,,,MDC ESE 2022 PYQ-ESE.jpg,Papers,https://storage.googleapis.com/abhi-hub.appspot.com/Documents/shrawani/PYQ/2022/MDC%20ESE%202022%20PYQ-ESE.jpg?X-Goog-Algorithm=GOOG4-RSA-SHA256&X-Goog-Credential=firebase-adminsdk-6gamz%40abhi-hub.iam.gserviceaccount.com%2F20250204%2Fauto%2Fstorage%2Fgoog4_request&X-Goog-Date=20250204T183118Z&X-Goog-Expires=3600&X-Goog-SignedHeaders=host&X-Goog-Signature=5637aa55adac72c87926a8a6476e3a961ae39ddbb9f79c089bbda1ac4c3e202b4c4b934d7a63b5c24dcb3b11262c42ea451a69a169b4bb9ff6963200e33ff511ff41ad1421089deaca64e5445f1de20e5bbe65794561fd73588bd2ab924f4c44a5745de0619036f0fa37504384536e94b829f83604bb4020e4f0cc6bc882ecb382b0b28ef1d668da312f74613ad5b8a677801ce75d46947ff9aa1cc5bb83cefbba327c9948696589177916f7cc4e15d7c409ac8e815c51f428bf0b87584c3f37afa52b8e0fcead9846b2d225bb34186dcc087aec0547dfe660019c19196ed346726657fd510518b8bede08c542c8b6218d6d3ef032bfa42ce5fd6b076a77fd9a,
shrawani,2023,,SC ESE 2023 PYQ-ESE,Documents/shrawani/PYQ/2023/SC ESE 2023 PYQ/SC ESE 2023 PYQ-ESE.jpg,jpg,,,SC ESE 2023 PYQ,Papers,https://storage.googleapis.com/abhi-hub.appspot.com/Documents/shrawani/PYQ/2023/SC%20ESE%202023%20PYQ/SC%20ESE%202023%20PYQ-ESE.jpg?X-Goog-Algorithm=GOOG4-RSA-SHA256&X-Goog-Credential=firebase-adminsdk-6gamz%40abhi-hub.iam.gserviceaccount.com%2F20250204%2Fauto%2Fstorage%2Fgoog4_request&X-Goog-Date=20250204T183118Z&X-Goog-Expires=3600&X-Goog-SignedHeaders=host&X-Goog-Signature=99e8ab4d957766870f5a4776b1a5abcd841d2b42b556d89b723af8c5875c564de147d93771004325c6ea91b1d1dc4a0bd26a98e7623b342cc8f0f8a1d2919c25d86da139f711d88c9fb0fe5bf4804d38b56031e09c312d096e2fb965f4cfdd82bca80b4a148f775d582e34ca790ab5f9b3fecb924fe7d572e9e5bebae0dfddb601c17912797f8668ccba64b6ac16d1593128fd71a324a75c7cc2bca69fe6d37cb52fd1af1a514572812f274ed914cff2f76470c393400020ff497a5f0da804566b01bd12abab2ccd8415153fed5cfc160d77e6dfb6e052b662b2ff5d07c38b38eeab7be495095fc40b1b37d286be037252cddde4b6a1502b296ea8954c3471ef,
Abhijeet Shende,2025,,Practical 3-Writeup,Documents/Abhijeet Shende/Practical/2025/CVDL/Practical 3-Writeup.pdf,pdf,,,CVDL,Practicals,https://storage.googleapis.com/abhi-hub.appspot.com/Documents/Abhijeet%20Shende/Practical/2025/CVDL/Practical%203-Writeup.pdf?X-Goog-Algorithm=GOOG4-RSA-SHA256&X-Goog-Credential=firebase-adminsdk-6gamz%40abhi-hub.iam.gserviceaccount.com%2F20250204%2Fauto%2Fstorage%2Fgoog4_request&X-Goog-Date=20250204T183118Z&X-Goog-Expires=3600&X-Goog-SignedHeaders=host&X-Goog-Signature=956f786dacb24e5973a54f923a15b1cfccaf0a0bcc4d0ee729db359ec4ba1eff68e17d14998943d48d46cbc9bb564aa82c4e0a2c549e84b0c130e3badd9d6e57ea57ae4b32cc2b47a0826fc287e587808436279f53699f49a6f1a74f8eac8c76e69a258724fc558419d90ef6764948d35bbbaa004c98526f95b398c72927bd1d5bb291c8dd2f9f20700993ad852112a608cddf43e550771cb5f80d4df82f79a434442704bf0f055eb6943f6464596d054f8490043d018801966cfc4b1d5f2f89efe9b7c74120c06dc879a42bd44c26741d710c015fec44be20483998f774d0946d0dfc8a47432e6a623ccce2a9858e0403a0ea6363449b6c0129656c1f5a0f71,
Aayush Gupta,2024,,Practical 12-Writeup,Documents/Aayush Gupta/Practical/2024/DAA P1-10/Practical 12-Writeup.pdf,pdf,,,DAA P1-10,Practicals,https://storage.googleapis.com/abhi-hub.appspot.com/Documents/Aayush%20Gupta/Practical/2024/DAA%20P1-10/Practical%2012-Writeup.pdf?X-Goog-Algorithm=GOOG4-RSA-SHA256&X-Goog-Credential=firebase-adminsdk-6gamz%40abhi-hub.iam.gserviceaccount.com%2F20250204%2Fauto%2Fstorage%2Fgoog4_request&X-Goog-Date=20250204T183118Z&X-Goog-Expires=3600&X-Goog-SignedHeaders=host&X-Goog-Signature=4c94469184651ef6fc3bf4ebaae34c41d546f8f1ef6313ebf8241b789877a6ab78d962c4efd997a5a37261d65451609a3602902c63a24455fcda8ffd3cdaef80d2a8734edfe4c42187d3b67ff570682e4cead58de8ea72dc81b2e48b92179356cb251f4c41df39d59f39354806b65a31f82db7393ff2929a81926543fd61a390758f9b315526e95c3282689a253e0742c348dd4810ef87fd07bd65ce0a2b115508fde83dc351b4e5f8911e9125faca5507d41fef0e8b9647e9fd21ee680c653064a50bc792d6aec5da00f18a2f43057b13d8543a137dfce3a00dbd519d0d077458750123693ec4a16cb4cb43583de05c5e560a92a8af415a997a0d6b21afbdf6,
Aayush Gupta,2024,,all unit,Documents/Aayush Gupta/Notes/2024/BDC/all unit.pdf,pdf,,,BDC,Notes,https://storage.googleapis.com/abhi-hub.appspot.com/Documents/Aayush%20Gupta/Notes/2024/BDC/all%20unit.pdf?X-Goog-Algorithm=GOOG4-RSA-SHA256&X-Goog-Credential=firebase-adminsdk-6gamz%40abhi-hub.iam.gserviceaccount.com%2F20250410%2Fauto%2Fstorage%2Fgoog4_request&X-Goog-Date=20250410T165448Z&X-Goog-Expires=3600&X-Goog-SignedHeaders=host&X-Goog-Signature=526b8842bcdfec3d81b7c0f060c14f5002c0e05593928535bcaa079f0f22eab59704f6b1a731154fa53965c1abf34d9d9c762a2eb587573e3f9d66c2eccd0dc08aeb47e786d358034c2832fd8fa707cde6b5a298a2f3b59643319d8cbfe89d80dbc3e9bcc0d90635aff58595712df6350e82000fe343f92b44253d0f289ac1a3b35ac5bf1d2d6410a4ba8d6a75995be983a11a34a830194b9e87108dbfb46ecd2f3f010e73cb723afc66f35844460965a4563957a2cdb91d2bcd17b0b0a11f2bfa2304014b45983f3ea502b19b94ed646f82454324df69cbd6aa343970dbe1a69ee96baafaf866969a0962289d68a10037bc8969565fbece787e74e5dee1fe59,
Abhijeet Shende,2025,,OE(Introduction to communication Electronic),Documents/Abhijeet Shende/Notes/2025/Introduction to Communication Electronic/OE(Introduction to communication Electronic).pdf,pdf,,,Introduction to Communication Electronic,Notes,https://storage.googleapis.com/abhi-hub.appspot.com/Documents/Abhijeet%20Shende/Notes/2025/Introduction%20to%20Communication%20Electronic/OE%28Introduction%20to%20communication%20Electronic%29.pdf?X-Goog-Algorithm=GOOG4-RSA-SHA256&X-Goog-Credential=firebase-adminsdk-6gamz%40abhi-hub.iam.gserviceaccount.com%2F20250410%2Fauto%2Fstorage%2Fgoog4_request&X-Goog-Date=20250410T165448Z&X-Goog-Expires=3600&X-Goog-SignedHeaders=host&X-Goog-Signature=6ae8f81a3d8f14e66adb3a1ebca3f09fe89e44caa2203cf0892ad7a0056505987e20e300fcfb5b16f372dd0aded93cd5ae7337ceed3f094407cb8723f4a0ef3cfcccc4bd286a37323806c405c8b2f2dcc48f93db2dfe4ffff775de1ba04a941b9bfa6ee4f3a0908f5230a3e06e05dced2e918ad379eb6613589f78922a2851c0cb13cbc3ac60b25498fcbb0df4b5423bcaf7b73ecb9a4ba83b0a70e1eacdb6e8c25f23a8c698710811bc666cd38168cd8e3c746762e79ea8ba300cd58b7a185aebd67ef2550326a91cf7779b92c4a689a4e9d75fe24e0a337f1aed8af02f16580b74b7a1719f68e039f2e35962070f6aed9978b1fb666470f34fc40c5e589513,
Abhijeet Shende,2025,,OE(Swati Paraskar)-U2,Documents/Abhijeet Shende/Notes/2025/OE(Swati Paraskar)/OE(Swati Paraskar)-U2.pdf,pdf,,,OE(Swati Paraskar),Notes,https://storage.googleapis.com/abhi-hub.appspot.com/Documents/Abhijeet%20Shende/Notes/2025/OE%28Swati%20Paraskar%29/OE%28Swati%20Paraskar%29-U2.pdf?X-Goog-Algorithm=GOOG4-RSA-SHA256&X-Goog-Credential=firebase-adminsdk-6gamz%40abhi-hub.iam.gserviceaccount.com%2F20250410%2Fauto%2Fstorage%2Fgoog4_request&X-Goog-Date=20250410T165448Z&X-Goog-Expires=3600&X-Goog-SignedHeaders=host&X-Goog-Signature=2e0f32146b0d7d899418ab0385343b12b1690d73be221c9393146ed0ad5f6c26d0f68245f5cb195820d207e428f3e5a16b748061791036fb7a251c966623494d579af27bac54c01e078bc050db89fa3fd3f74ed3b8c13a101b9213a93f3c2e5c7047e41fa7cf2051af77183b26421a7116cbc2676801d5f0b6b179258e2f8a23ae6a0c29cbdbdf2bcb361a5a208e2beebd9490ba4482ec90b6a532ed6b5da1b716be6f2589e47073611c82681922c407dc417e458d3ad0468efb5a2f88a0bc6eacdaa88490efeea7344c3fb0442f8c2ed39d3cd6bd663587414b86b2849d15b23e9da77e8235b729ba260c11673853a2f00ef8d19da3d32885ea425ba0134e66,
Abhijeet Shende,2022,,text-U1,Documents/Abhijeet Shende/Other/2022/text/text-U1.png,png,,,text,Other,https://storage.googleapis.com/abhi-hub.appspot.com/Documents/Abhijeet%20Shende/Other/2022/text/text-U1.png?X-Goog-Algorithm=GOOG4-RSA-SHA256&X-Goog-Credential=firebase-adminsdk-6gamz%40abhi-hub.iam.gserviceaccount.com%2F20250410%2Fauto%2Fstorage%2Fgoog4_request&X-Goog-Date=20250410T165448Z&X-Goog-Expires=3600&X-Goog-SignedHeaders=host&X-Goog-Signature=4fdd805fee62e3ec2069fe7a8fd786e34c6b49fcbd08410ff09acc09d6468d61a39e5bebf82a04f3ba4bf74b68b10d31546d24d69d34a3c687773762da7e145d64145717a5c88bbe5367aabe79b40c5e353b2802e7b157fcc9cefa1977747b217f18ec0e53f7b7c63a3bf62149f0030eb2be4148f9bd0c276357cb7d57fd758a4e4e422a76b8183e32bb87fbe6d0fcc1ddd2aa6fbea4e2a5b7c8a909c8654c60ec941ba6a9027de1bc6618f8814bace3f5935dcef5627779dd05898c8777587bb326ec8b8ca980dca862f1e819143af04cfa96ae59515672c76b386a294f11c89ccd5af3f8d19866a3446f8d2f5339357457deed449b0c039005e086a917b08e,
Abhijeet Shende,2024-25,,BDC-CAE1,Documents/Abhijeet Shende/PYQ/2024-25/BDC-CAE1.jpg,jpg,,,BDC-CAE1.jpg,Papers,https://storage.googleapis.com/abhi-hub.appspot.com/Documents/Abhijeet%20Shende/PYQ/2024-25/BDC-CAE1.jpg?X-Goog-Algorithm=GOOG4-RSA-SHA256&X-Goog-Credential=firebase-adminsdk-6gamz%40abhi-hub.iam.gserviceaccount.com%2F20250410%2Fauto%2Fstorage%2Fgoog4_request&X-Goog-Date=20250410T165448Z&X-Goog-Expires=3600&X-Goog-SignedHeaders=host&X-Goog-Signature=171c6e6c1493c9cd658c84bbf1d8ea6472d8299bca5cf5ccedf350fafe50a88eedb91c0071649fcc0f6d57a8cf318631bac2732648b6b05263efbfbcbfb3c201d8604f2a216dd3cb4b271ad1b138e32842217045862864b1c47818d5308e4756e7bc3055c1fe1ee054c8f457cf61a034a4b8c4a4df0a4d4d6af0744697c8dffb39d25efb4dff638d338814df8902b0de247606e44d2acd25ea5dc55322e6bd45002712907e26572b6191b0147dd85270090f187dae2a0f2888b199a8908a0e9764d9b626cdab1e0c28bd4d14f26f8a4596e7f43b93807fc85559ee523a7324808377430a2e38c0dce22ac83f7a1e31ab4755bed27ca6d131898861bd59a2e273,
Abhijeet Shende,2024-25,,BDC-CAE2,Documents/Abhijeet Shende/PYQ/2024-25/BDC-CAE2.jpg,jpg,,,BDC-CAE2.jpg,Papers,https://storage.googleapis.com/abhi-hub.appspot.com/Documents/Abhijeet%20Shende/PYQ/2024-25/BDC-CAE2.jpg?X-Goog-Algorithm=GOOG4-RSA-SHA256&X-Goog-Credential=firebase-adminsdk-6gamz%40abhi-hub.iam.gserviceaccount.com%2F20250410%2Fauto%2Fstorage%2Fgoog4_request&X-Goog-Date=20250410T165448Z&X-Goog-Expires=3600&X-Goog-SignedHeaders=host&X-Goog-Signature=252dd6ffeba0dc5e1cf5b732c0c33d0535e9ffae0e9fd4c16a9aa6cbd71fd9ecc24a9198a6875fef400364fd152412e2f7a8eb4eeae6657b5831c9662a10a7df39144453a0b81b6534674209cf40efb368ef0391d7aea9bb2ef44b161cb80d432f3987ad03fa8b56b3b251267b46f5d94d0e69694abc085fa6b5055712798e87b50e0b48321bf537258417b078689038e151801b02705b9230aaa4fe004d84bf90f9c1de955f6436f6e9f789d483019e568ae1ac4d92067a6fbd51403d7334ec4a85ed424d460bc5320dcd11edf4189bbc28aac804bc86701dd65a3c2e7dfd2c5ce342b171c347dc38ec5bcae39638a8082ccff170588d9f23513bfeeba833d8,
Abhijeet Shende,2024-25,,CVDL-CAE1,Documents/Abhijeet Shende/PYQ/2024-25/CVDL-CAE1.jpg,jpg,,,CVDL-CAE1.jpg,Papers,https://storage.googleapis.com/abhi-hub.appspot.com/Documents/Abhijeet%20Shende/PYQ/2024-25/CVDL-CAE1.jpg?X-Goog-Algorithm=GOOG4-RSA-SHA256&X-Goog-Credential=firebase-adminsdk-6gamz%40abhi-hub.iam.gserviceaccount.com%2F20250410%2Fauto%2Fstorage%2Fgoog4_request&X-Goog-Date=20250410T165448Z&X-Goog-Expires=3600&X-Goog-SignedHeaders=host&X-Goog-Signature=40c9561e037ebfce688f87687a31ec4f2f9975dee323b61a6f792eae84670ed6d9ee716a4eaf052182823f5799e8fc80fe65cfe054e9ea763ac74db92db539b607b4f3a53e526c0ebf6660e2664c7323f3e3d08cbdc82eaf1486b0d0efb1cdc8de49707314f15f17291ee17465524a0f477c0c4c9cc70ee528f0a4afed3b7beca22e4f614b4d856fd39f2c5a79b9f0a2e9cd771204efe1024c251b84fc914adb414832f7395ddd6225960106eb49c73715842dba20af5352b03b6a290e8a71e7541bb36a764ed742da39c2b4ee4500a6d3c4f9dca86de6bbe26d4d270677873c783eaa6c76ebda8502e3ced8619f430b7c03d7bd68579c98a33e16853ba8affb,
Abhijeet Shende,2024-25,,CVDL-CAE2,Documents/Abhijeet Shende/PYQ/2024-25/CVDL-CAE2.jpg,jpg,,,CVDL-CAE2.jpg,Papers,https://storage.googleapis.com/abhi-hub.appspot.com/Documents/Abhijeet%20Shende/PYQ/2024-25/CVDL-CAE2.jpg?X-Goog-Algorithm=GOOG4-RSA-SHA256&X-Goog-Credential=firebase-adminsdk-6gamz%40abhi-hub.iam.gserviceaccount.com%2F20250410%2Fauto%2Fstorage%2Fgoog4_request&X-Goog-Date=20250410T165448Z&X-Goog-Expires=3600&X-Goog-SignedHeaders=host&X-Goog-Signature=82e3b85bb207e31dc3514202a65c9731d91166366df60426ec215f6930290fdc5d6ba6b86e28636384d0f3ff04a4a44b5bff901e3944f4e2694cd6b58f23d82b8df879c50424efd8743c3857a29c1f7af35799c445a7159c38472e5c894c3ea92796fe4f0fe22fbda4406de7cf1eeea28afcc5c3af40a8d25ccc23268fc9da23e2f22ff19b8f98a6dadd8447c7758a7bdfd058a2dff84133da47621c151fc652599ffb50b138f2fc992fb7d3f703e37639f63da097ca776921041aab43a7764c48c2445646d16d044823d282ddee5fcd93640faf386c0bf0c286a7f05e84f75806c7ebc59b6a0365b32831456de6429ca130f1dd0c246f48854b0dc0b8bd5793,
Abhijeet Shende,2024-25,,DAA-CAE1,Documents/Abhijeet Shende/PYQ/2024-25/DAA-CAE1.jpg,jpg,,,DAA-CAE1.jpg,Papers,https://storage.googleapis.com/abhi-hub.appspot.com/Documents/Abhijeet%20Shende/PYQ/2024-25/DAA-CAE1.jpg?X-Goog-Algorithm=GOOG4-RSA-SHA256&X-Goog-Credential=firebase-adminsdk-6gamz%40abhi-hub.iam.gserviceaccount.com%2F20250410%2Fauto%2Fstorage%2Fgoog4_request&X-Goog-Date=20250410T165448Z&X-Goog-Expires=3600&X-Goog-SignedHeaders=host&X-Goog-Signature=68ef3816e42bf219962e08b31b0f322f245bd15cfaebb47898ef659ceae5d1e80b820287a66c8f0a0880b89515df10fed9d15e436be108ce32d1a77ed6c8dc5aa011a0b3f6f37405ca2a6840f0873a7013f8de60a39d0f5b6c85ba8fef540e94fb318a6320fafa32433bc623068eff67a598ca093c85288f1303e637a89bc8ac8499fe2a7d4dc08b04054f9b717cec318bf41923036cc2ad48ff6ddfe917679960f63b25cadda402a41f33a16bcc54a90d749aaf76807406b762daea264d07978745befce83f42266ea905dc6ff45ec7a40203badd42dccaed675e1379b07f5953651ded8937e0456e48020d010fbc07c93bd58c817d45560ee383e66d004c99,
Abhijeet Shende,2024-25,,DAA-CAE2,Documents/Abhijeet Shende/PYQ/2024-25/DAA-CAE2.jpg,jpg,,,DAA-CAE2.jpg,Papers,https://storage.googleapis.com/abhi-hub.appspot.com/Documents/Abhijeet%20Shende/PYQ/2024-25/DAA-CAE2.jpg?X-Goog-Algorithm=GOOG4-RSA-SHA256&X-Goog-Credential=firebase-adminsdk-6gamz%40abhi-hub.iam.gserviceaccount.com%2F20250410%2Fauto%2Fstorage%2Fgoog4_request&X-Goog-Date=20250410T165448Z&X-Goog-Expires=3600&X-Goog-SignedHeaders=host&X-Goog-Signature=64b6cb6a8865bcadf06006764b37be4dfea6ad92f00cf2e3847cda6d3685a0cd280a128c83dd5cd9d8d0f62e8f431dc203ab177038316bc85d83f5f0d96a1126c29532a74b2f366540cd02847c29af0cde4e724d5eba0f796bb0d24d3bd0b131bec912aa67da405cd9978b9a70f0d0271945e05ef317bd609e94d781da8e467fa2aef8be86b244f91a091c89b29983735aaf8cce845ac7222ed1a94bd5ffd41acead1dfc31ec7f4654a02f6dc16cf5517744bd0a12424317a24f7e12616c694450179905fb246144ea9b89a5723ade7bf852564e858b1e5a10728a0175708eb6804eef43bf3125db39641cf0f7e84dbd5f017091ea7752510be8e5b042631bd1,
Abhijeet Shende,2024-25,,CAE1,Documents/Abhijeet Shende/PYQ/2024-25/IntroductionToCommunicationElectronics-CAE1.jpg,jpg,,,OE(Introduction to communication Electronic),Papers,https://storage.googleapis.com/abhi-hub.appspot.com/Documents/Abhijeet%20Shende/PYQ/2024-25/IntroductionToCommunicationElectronics-CAE1.jpg?X-Goog-Algorithm=GOOG4-RSA-SHA256&X-Goog-Credential=firebase-adminsdk-6gamz%40abhi-hub.iam.gserviceaccount.com%2F20250410%2Fauto%2Fstorage%2Fgoog4_request&X-Goog-Date=20250410T165448Z&X-Goog-Expires=3600&X-Goog-SignedHeaders=host&X-Goog-Signature=9464659db8ae2633b08f7fe14f197b05b732cf3e2680a26b835e6b9800ace1c9593da3d72ae054741498261abcd9c495abb83ad02d85f05a3d42dd5b8ec259e416b8cc41f6732b973bbaa55648e2ad280c0f02f1c85a771be71f7c1dfd2a6a5cbc8d9c220a85175bf6360d5b72541097c993414d70a101afbc71a05f2155e2dd68d6621c835481b28564d6a6fa94ff40e776f96938b9f5192bbd28b8a101243a8845d5b7ea228081d8851f919e4dfde081c675f8bf148e98b1e4b91ae3c5073703fea78be261b386ac80c63b1f8e63399b3641452d17cf1ad648805c0040681966f06d23187beeaac678dbdd1ba5ed1f9041b6f1ba3996882cc78c176ef66828,
Abhijeet Shende,2024-25,,CAE2,Documents/Abhijeet Shende/PYQ/2024-25/IntroductionToCommunicationElectronics-CAE2.jpg,jpg,,,OE(Introduction to communication Electronic),Papers,https://storage.googleapis.com/abhi-hub.appspot.com/Documents/Abhijeet%20Shende/PYQ/2024-25/IntroductionToCommunicationElectronics-CAE2.jpg?X-Goog-Algorithm=GOOG4-RSA-SHA256&X-Goog-Credential=firebase-adminsdk-6gamz%40abhi-hub.iam.gserviceaccount.com%2F20250410%2Fauto%2Fstorage%2Fgoog4_request&X-Goog-Date=20250410T165448Z&X-Goog-Expires=3600&X-Goog-SignedHeaders=host&X-Goog-Signature=97fa6d9f646d280e4b31834c5e6cf0a3da4641c7ca286509fa4b8c73a3754a768e151677fa757a1ee680877773b291338b822a2082abbe6324dfe03fb3497179fc1325932cf7d894948e84cd1e7a71f66b9ed033c52df37e4940d84dcb495266ab35c806602c83c29150d83bc47e6be8c5da72011714e52f8fcd05ab184db327f1b5291bb6c3c0bd8a865ffebec5805aebe119cce5d9e90ce2e6e067f91ffcbb4ced1980df707259b907b837fb967b277173db865f041a73dbdd24802d43ef796f8f5730265e8437df0e4de717b01920454c3f00ee04a41cf4af29ef99eb457d3c8dae3af733a2b4f15c370d62f04fbc17de48a1710101816c3cfeca08d94371,
Abhijeet Shende,2024-25,,SES-CAE1,Documents/Abhijeet Shende/PYQ/2024-25/SES-CAE1.jpg,jpg,,,HE-CAE1.jpg,Papers,https://storage.googleapis.com/abhi-hub.appspot.com/Documents/Abhijeet%20Shende/PYQ/2024-25/SES-CAE1.jpg?X-Goog-Algorithm=GOOG4-RSA-SHA256&X-Goog-Credential=firebase-adminsdk-6gamz%40abhi-hub.iam.gserviceaccount.com%2F20250410%2Fauto%2Fstorage%2Fgoog4_request&X-Goog-Date=20250410T165448Z&X-Goog-Expires=3600&X-Goog-SignedHeaders=host&X-Goog-Signature=0dd0dce2cdfaa78f7e2bd8d8b4ec15b0d78e1808daab60a0258dc48403ba6609ba75fd2559b029975cf3432a087db38d87f60f2425e8be2cc3af8685876d311ad5f406e8c593fe6b1526046510921746ea6ca93b1c8e44f74e20b335671e53a0cbabd51ba9de53114266978a21601cb3dec2322b116116f64ac8b17a354dec30333a7936026498a8f5662ea42dde6e3bfc97af238b19e04b42ff1624f11170cc3c8d17bfb0a17874e3574ace7709b51c3926127439d0730acd04f531aeed0dc3f56a067617326aaa4d20f050080c4097cc84e05264364df7521416839327cdd52886da44d53cd2cf73c2b04c62d690460f3247819e23def0cf2f97aae47de1e5,
Abhijeet Shende,2024-25,,SES-CAE2,Documents/Abhijeet Shende/PYQ/2024-25/SES-CAE2.jpg,jpg,,,HE-CAE2.jpg,Papers,https://storage.googleapis.com/abhi-hub.appspot.com/Documents/Abhijeet%20Shende/PYQ/2024-25/SES-CAE2.jpg?X-Goog-Algorithm=GOOG4-RSA-SHA256&X-Goog-Credential=firebase-adminsdk-6gamz%40abhi-hub.iam.gserviceaccount.com%2F20250410%2Fauto%2Fstorage%2Fgoog4_request&X-Goog-Date=20250410T165448Z&X-Goog-Expires=3600&X-Goog-SignedHeaders=host&X-Goog-Signature=36c4f8178f402160cb5510ddccbe7d702f8661e1fe7324e81ac7a06659cd26f2bf148c95065db90cba6e40640ff34b00165dc9ddcd837328a2e1d93bc93d398466854a9eff944948c69ce18c614fe192663e1c1232a6dec71d430652522ed4d9eb804690005482a379f0b5000815a0d329a0624284b6df311cb84914038aa66645239c79bd9495c00aca465de556aa5c89918f0801d3ebcca2d505d5c314e7d4ff633c86de046fb693820d1a40d119193d3cbb539fef1ddb861a1e41ba60e31576ce45d5622e7829fedd6c0fa30baf62ca16d0597249feb0bc07fa756892fe55d2badfd04b1627e1c6da23a691aa6499d3b3fb9a45027ba53ecade8d85ab5ce7,
Abhijeet Shende,2024-25,,UHV-CAE1,Documents/Abhijeet Shende/PYQ/2024-25/UHV-CAE1.jpg,jpg,,,UHV-CAE1.jpg,Papers,https://storage.googleapis.com/abhi-hub.appspot.com/Documents/Abhijeet%20Shende/PYQ/2024-25/UHV-CAE1.jpg?X-Goog-Algorithm=GOOG4-RSA-SHA256&X-Goog-Credential=firebase-adminsdk-6gamz%40abhi-hub.iam.gserviceaccount.com%2F20250410%2Fauto%2Fstorage%2Fgoog4_request&X-Goog-Date=20250410T165448Z&X-Goog-Expires=3600&X-Goog-SignedHeaders=host&X-Goog-Signature=1f594c707f6b607dec1f9895b7e0674c232a7956aa7bc91bbfec1340ec549aaf073acd1a6b4000d05c6df5d9de2a8e594d8f307f493a59d02042475c1a9610ae2da1b8bf530624d9e1a5d18e258af2b6ec844528985808aa0b2fa5dd89ea3480f8fdbde1bcd220cd087efec24336bc31ca3c7896395598ba8d46e481fdaee888783b9caf6117f4b2a89b49ab72bded03b7600832f277df75629889ad5dc421260b260a166cfc63f4f7a03d244fdc8ad345dac4b25c4439005b544bc29a67f3f9128b5a2896b81d18ef1cf63f29f4a1da854c4ee09f7a5b54936253fba80df8c8af059a563be2fc0341cea026849888ee3881aad3bd5840ea2fb805d97ccf010f,
Abhijeet Shende,2024-25,,UHV-CAE2,Documents/Abhijeet Shende/PYQ/2024-25/UHV-CAE2.jpg,jpg,,,UHV-CAE2.jpg,Papers,https://storage.googleapis.com/abhi-hub.appspot.com/Documents/Abhijeet%20Shende/PYQ/2024-25/UHV-CAE2.jpg?X-Goog-Algorithm=GOOG4-RSA-SHA256&X-Goog-Credential=firebase-adminsdk-6gamz%40abhi-hub.iam.gserviceaccount.com%2F20250410%2Fauto%2Fstorage%2Fgoog4_request&X-Goog-Date=20250410T165448Z&X-Goog-Expires=3600&X-Goog-SignedHeaders=host&X-Goog-Signature=48603d42ec898c00f26f0387dea96f95846f8cc7ba64cd3171e7f60e249a10e7db48c465d34bb2792ccd281ad12c18e67ea1d01cba40b1fbea8387addf9e8917a672a4ef034155d283a315f70a6406f5941181910457f930343bfa8d99f856210c8fdb2c76c88910d42fd0b3624bcec10535c425b2fdeb7b9076ff0ae9674bf8e62b9a7df2e7e7b8b0bde03debcc911abd596ca45e81bc66fd5961d0fb7de233d54fa7abadec911ccb1b47056c70689ddc90d3966a6b1f12ec8b9e17303affce36ac4da3fc690ab6d6bc814c9060015e78aee93fa721673f8d5eff7aa85d9c97326ecc532a295c2c0169bb00e84083bd06ae5b1445481461bb81fcf5d802519e,
ROHIT NINAWE,2025,,DAA-U1,Documents/ROHIT NINAWE/Notes/2025/DAA/DAA-U1.pdf,pdf,,,DAA,Notes,https://storage.googleapis.com/abhi-hub.appspot.com/Documents/ROHIT%20NINAWE/Notes/2025/DAA/DAA-U1.pdf?X-Goog-Algorithm=GOOG4-RSA-SHA256&X-Goog-Credential=firebase-adminsdk-6gamz%40abhi-hub.iam.gserviceaccount.com%2F20250410%2Fauto%2Fstorage%2Fgoog4_request&X-Goog-Date=20250410T165448Z&X-Goog-Expires=3600&X-Goog-SignedHeaders=host&X-Goog-Signature=11e824b31a21795ecef73e7c24b2e2f7f93142288290ce7ec5f6fec0146c719cca3d61faf2671a5875d9eed3d916977fa22f279171fcd95246954d6cb74e1009af5974c93ea9e71e50d69e8cd079a9049efefe9fac30fa230292a82f3d6e19ef010aef59e9ac983131d885f0979ccbb349a951fd39dc605e26d978698c5a0540c6913c00c1e2f86a3d17f0e5b84d0fdc87d13b44211e29436937dc80a688d0b4a72d3eb0257f87df4e6228b6db088361a18feb57f9cf0c065a1edb33dbb4d11f3ad01278cc1723897cea392f8251352f66005672609123ffb00e67928264fc8aa74727e13000f140287107bcb0a39117d2be4f48e8575e50b1fff299a15a1f43,
ROHIT NINAWE,2025,,DAA-U3,Documents/ROHIT NINAWE/Notes/2025/DAA/DAA-U3.pdf,pdf,,,DAA,Notes,https://storage.googleapis.com/abhi-hub.appspot.com/Documents/ROHIT%20NINAWE/Notes/2025/DAA/DAA-U3.pdf?X-Goog-Algorithm=GOOG4-RSA-SHA256&X-Goog-Credential=firebase-adminsdk-6gamz%40abhi-hub.iam.gserviceaccount.com%2F20250410%2Fauto%2Fstorage%2Fgoog4_request&X-Goog-Date=20250410T165448Z&X-Goog-Expires=3600&X-Goog-SignedHeaders=host&X-Goog-Signature=8a0fdcdeaf2aa74d1dca1340d97a5fae8e1a8a8ad15e6eeb1c497e18551e49d8f4ddf3bc4fccb492b3ba0a058d28cb89537f739959d4e4425b2aa6ac52fe892f9a1d7e96d04bbea18f68f81fc40342954b83b7a27a89b4e8ae3f00a3ddf00ccc83ebad783c278621a6f2a2e94f6443c2a0c51821084efe3bde8a5086c2f97c3a4efcd273f8969a546986902bb4d699354115b82bad48b85f4e352e767212333f17538281965430f52c4c8405a10a8b500f91777b73404ff71e01bde34138b18dac67c6a2a31ec0e1589e9cf604e5d127f89d1596613625b69ba21455c28bbce0d8ef14f0f0121d1be3641405a6ab68cf138e5bc5eac3d6cb2406e222b9414ed8,
ROHIT NINAWE,2025,,DAA-U2,Documents/ROHIT NINAWE/Other/2025/DAA/DAA-U2.pdf,pdf,,,DAA,Other,https://storage.googleapis.com/abhi-hub.appspot.com/Documents/ROHIT%20NINAWE/Other/2025/DAA/DAA-U2.pdf?X-Goog-Algorithm=GOOG4-RSA-SHA256&X-Goog-Credential=firebase-adminsdk-6gamz%40abhi-hub.iam.gserviceaccount.com%2F20250410%2Fauto%2Fstorage%2Fgoog4_request&X-Goog-Date=20250410T165448Z&X-Goog-Expires=3600&X-Goog-SignedHeaders=host&X-Goog-Signature=045b2c800e703f997b35ed8d5dab732e8254e01dd0721fb66f09973e3d7842e9999284fc533d3339b6ef8bdf26f06a4e635eb3992cfd081fb83ef52f1d86def51ad9e503dc6d138c5de1b82db39eaac28389ae607cd9be248086e5b45fd5fe7949a15cd597b5e3b69c1b7f3586f4b1fbc56a9731aa95f01a93280c1e0b0268cf374578e2b7fb641cd2ee0c287c949797294a594f73eba876bf85beafa338eb1fcd8bc91b46424dadaafdd05e5e8a505ea81550933eb0fac40b6cef067536827ab99790ab44b0770d8b99551f3e3a05c3be95ebfd94471881895a4edbd5a5f64f42f0e3db5ecb4877c46bdcb0a97cc73c9e4bf1768c47c0232b330382013f8d7d,
Aayush Gupta,2025,,Notes For CAE-1,Documents/Aayush Gupta/Notes/2025/HE/Notes For CAE-1.pdf,pdf,,,HE,Notes,https://storage.googleapis.com/abhi-hub.appspot.com/Documents/Aayush%20Gupta/Notes/2025/HE/Notes%20For%20CAE-1.pdf?X-Goog-Algorithm=GOOG4-RSA-SHA256&X-Goog-Credential=firebase-adminsdk-6gamz%40abhi-hub.iam.gserviceaccount.com%2F20250425%2Fauto%2Fstorage%2Fgoog4_request&X-Goog-Date=20250425T092618Z&X-Goog-Expires=3600&X-Goog-SignedHeaders=host&X-Goog-Signature=9daa036015947b9570def99c6bbc21e6c639b42b600b3291936d31704e8cfa651a2f02597bde78679cb5dc86940fc439c43b83ef1f7529652b06b08004898d0a26c055a037d0223314eb1c4d0219423193c07de0eedd8a4a69bf0007504032342644801ddb3acc554051160676b8215964c33ca8bd8dc5376324d20c93fd1197dd341b2e7845a4396fc5ff9dfc8c2bb225bbeb3718902240d548607f77c53baef09afff0c324be66315ff85fb248e1cc7f78d61de7bdec698eaccd5beff5b2d792ebd38f935601667c600cd7f0291728938185e19928ee949f6a954ae61938418b883ecd4948b4cc82cc5b151a226e1c324fa23109d173f933297e532a186e84,
Aayush Gupta,2025,,HE-Important-Topics-1,Documents/Aayush Gupta/Notes/2025/HE_U1_U2/HE_U1_U2-U1.pdf,pdf,,,HE,Notes,https://storage.googleapis.com/abhi-hub.appspot.com/Documents/Aayush%20Gupta/Notes/2025/HE_U1_U2/HE_U1_U2-U1.pdf?X-Goog-Algorithm=GOOG4-RSA-SHA256&X-Goog-Credential=firebase-adminsdk-6gamz%40abhi-hub.iam.gserviceaccount.com%2F20250425%2Fauto%2Fstorage%2Fgoog4_request&X-Goog-Date=20250425T130847Z&X-Goog-Expires=3600&X-Goog-SignedHeaders=host&X-Goog-Signature=63882b032a1894bf1ead7ff2511829cf4323e5c947fbbfdcfc4cfb859ab6943c912ce671415163705a79c60314b8eb2b1ef413e7e5a5d76307afd23bc4193c6005f7b3f6e27e71e8eb2f033630dc23fde2eb7b61aa002dc530d43200fa1fbe2bfbb705e23eb34ddca0d6d8565e8ed8ac44b78140e7e9d92f051d20ecba8fcc207b4ae5e874952cc04118c7652164581677e470b1e107843b7d6e25c68088a22a5e7046c5b0658f13b0b40b46e73d31973bf17dc611f174558a824f4a0463fb02c54c506109379f99b3d2090bef14ce72d7921fc88ee93b950f6d5ee17b3ab70e7ad69349ac7fdc371194b1e710cab737df4b1610ad048d057d1c0f247f5410b9,
Aayush Gupta,2025,,HE-Important-Topics-2,Documents/Aayush Gupta/Notes/2025/HE_U3_U4_U5/HE_U3_U4_U5-U1.pdf,pdf,,,HE,Notes,https://storage.googleapis.com/abhi-hub.appspot.com/Documents/Aayush%20Gupta/Notes/2025/HE_U3_U4_U5/HE_U3_U4_U5-U1.pdf?X-Goog-Algorithm=GOOG4-RSA-SHA256&X-Goog-Credential=firebase-adminsdk-6gamz%40abhi-hub.iam.gserviceaccount.com%2F20250425%2Fauto%2Fstorage%2Fgoog4_request&X-Goog-Date=20250425T130847Z&X-Goog-Expires=3600&X-Goog-SignedHeaders=host&X-Goog-Signature=11bca380bb7ad12b49a32e5aa33c4cab7feac93a2ebd27bd639b751db98134a042ce7f447d68905695f273a91a565ed5a4a3a35a7d1d39804801050a29681b94d4a80ddb97d27c3ace71361d96011e6d57be2ba69e4ebed2e20ecf31cd0258d297730ab9b5ee197cdc5abc6f3273adaa938a232a0f6f44c3e0b29dafe17a4c8f399e5311a77ba9116e4491ce21a78dacd98644c78ca38f9b0ccc28ca3774055999c6d862c594779686f213ae8b3712ee7e7a9603092f6f337eab340e53511d518c989b2c46b42a8c03aca06410476ea92c139ac862200f44a507f5e3ac557b6b80f81244ef7dec8797eca6675c132b8a45af7dc07858225b8bfba9c6086e7ef4,
Abhijeet Shende,2025,,UNIT 1,Documents/Abhijeet Shende/Notes/2025/CVDL/UNIT 1.pdf,pdf,,,CVDL,Notes,https://storage.googleapis.com/abhi-hub.appspot.com/Documents/Abhijeet%20Shende/Notes/2025/CVDL/UNIT%201.pdf?X-Goog-Algorithm=GOOG4-RSA-SHA256&X-Goog-Credential=firebase-adminsdk-6gamz%40abhi-hub.iam.gserviceaccount.com%2F20250426%2Fauto%2Fstorage%2Fgoog4_request&X-Goog-Date=20250426T185533Z&X-Goog-Expires=3600&X-Goog-SignedHeaders=host&X-Goog-Signature=89745b2d7ac247c904f60c180febaa806bfa0d68f38b830a8e0695ce0acd9dcf9c854f8acb3b2cb8c19c99b878884d5eff351dc21ab1f41ec6bf31804f955d1da6b5df413c71945ade847e89de22fe5c3c5e5896bb3e0e7419b1d235fe29361b3f24aa5ebf399e636407b8d0056dba24ef8f7a5fda2dc0c0f4ed2b93435bc450aad34b778b8c7a55f78c3d32910293f4187be1a5d381159b928c697e867cf4e81fbbe5f20dece5d88c6aa58fef25f0b94821333cea4da9ebfc2dcac6d12e9ee981e28eed641778c27b1417f4f920fb50a4f6b72c1e19084e5e0335698cebeeda182b15f2b0db4609d05717f87235afeb269b663841fecfe43141980e1d60f135,
Abhijeet Shende,2025,,UNIT 2,Documents/Abhijeet Shende/Notes/2025/CVDL/UNIT 2.pdf,pdf,,,CVDL,Notes,https://storage.googleapis.com/abhi-hub.appspot.com/Documents/Abhijeet%20Shende/Notes/2025/CVDL/UNIT%202.pdf?X-Goog-Algorithm=GOOG4-RSA-SHA256&X-Goog-Credential=firebase-adminsdk-6gamz%40abhi-hub.iam.gserviceaccount.com%2F20250426%2Fauto%2Fstorage%2Fgoog4_request&X-Goog-Date=20250426T185533Z&X-Goog-Expires=3600&X-Goog-SignedHeaders=host&X-Goog-Signature=45795d074f5dd295d5941b8196ededd2b59d095924990e20eb8a158392e8db7f679c9ad8798143fb726f06eef2bc18345de06175ccd3be054f96103cd5c7ad9514d818f7673501b539d478b7eaf6091ae6519b81d812764b6a7cccd7ccad72cdb6004567130ab0dd9eab9493426ed430316e43acd9aa379f71156cd7f28d894d15174ad5bbeb56f0975442f6be320d5c8c2c8f569bc5b0dd43d5ee32234637f4e9879ae3c13c938bfddb00b2f8ebcc6255880364fc3244ed9ad038d1cf3404a118767251cebba7c97270af07e7eb3ebf53644b4f0d4b0f4fd2241dbf24e4358e9ae364963065a81770788ef5717b68d98e84cb0ec8984b8d6ad8d8fb3dc57169,
Abhijeet Shende,2025,,UNIT 3,Documents/Abhijeet Shende/Notes/2025/CVDL/UNIT 3.pdf,pdf,,,CVDL,Notes,https://storage.googleapis.com/abhi-hub.appspot.com/Documents/Abhijeet%20Shende/Notes/2025/CVDL/UNIT%203.pdf?X-Goog-Algorithm=GOOG4-RSA-SHA256&X-Goog-Credential=firebase-adminsdk-6gamz%40abhi-hub.iam.gserviceaccount.com%2F20250426%2Fauto%2Fstorage%2Fgoog4_request&X-Goog-Date=20250426T185533Z&X-Goog-Expires=3600&X-Goog-SignedHeaders=host&X-Goog-Signature=4a5a9d76e2dc93cc906bb43879d9acb2877612b28cc882daa296039d9c762a37c2e6c82f3dc2fdcaed4878d9a81dcea346e81822e0abcbf2792a39cbe5147ab2b79cd401531a28a77a1ed39e577726fc88e84586ffbfe27c4ab9d6037ce63f4b73197872d95fc8fadc0c313eba7b220c3756c0f9c6631b04a51307d55fe765e42f6243d8650ebea231226bd682f61965544a93218059ccaee55fe070ebb8d96313a92e5ce9d2f47bd0e4dadd337fcb9868e84a9033e955d903c48d02b0f0f65a7fb905714d773e871a944982517d8f0c083feb9c42d62f467865d6121f0fe5ce3875c66e4acb5b89cde0e275d343529069702fae73a7e9d887c51835192ebc1b,
Abhijeet Shende,2025,,UNIT 4,Documents/Abhijeet Shende/Notes/2025/CVDL/UNIT 4.pdf,pdf,,,CVDL,Notes,https://storage.googleapis.com/abhi-hub.appspot.com/Documents/Abhijeet%20Shende/Notes/2025/CVDL/UNIT%204.pdf?X-Goog-Algorithm=GOOG4-RSA-SHA256&X-Goog-Credential=firebase-adminsdk-6gamz%40abhi-hub.iam.gserviceaccount.com%2F20250426%2Fauto%2Fstorage%2Fgoog4_request&X-Goog-Date=20250426T185533Z&X-Goog-Expires=3600&X-Goog-SignedHeaders=host&X-Goog-Signature=7d5ae942514393e3862752d4e5968847945b4e83db0936cb8db92ad0fd625b86d009e5574300b97e4e79e4a258864c49f7a44b16454a0516534e4c978e794999ccf0579f760eec9f2cff6f228fdfa3e98c53ebac4f3dc326782510added716251665a57390c22423755d8c5dc86bf17c7c074d356e80f8114331f1ae3c7794c1f934fc03a8ccf071cab265bef2d7ad0671e24382da29db1f8089d19c3e8a3462921409b8908ad636f7f231f3bd82c590c5525692883c0d2a38068d77b7d183fa9e76048ad04f9ceadae2d70fd64b37a58c26c9fe3e8ce84f5ea007662585196904be780d33e85d2b04c49fe991a1f7de5c8b45b4f020ec0210c227ed0f60b38f,
Chaitanya Sarve,2025,,Unit1,Documents/Chaitanya Sarve/Notes/2025/CVDL/Unit1.pdf,pdf,,,CVDL,Notes,https://storage.googleapis.com/abhi-hub.appspot.com/Documents/Chaitanya%20Sarve/Notes/2025/CVDL/Unit1.pdf?X-Goog-Algorithm=GOOG4-RSA-SHA256&X-Goog-Credential=firebase-adminsdk-6gamz%40abhi-hub.iam.gserviceaccount.com%2F20250426%2Fauto%2Fstorage%2Fgoog4_request&X-Goog-Date=20250426T185533Z&X-Goog-Expires=3600&X-Goog-SignedHeaders=host&X-Goog-Signature=409dcf23f24a39cad85d0c4d971176f5f0bcebc0705a3439000e96b4f063f66e3a4c5748defc77dbe3b15ec38f7db446837ea93481a77f99a58d7240cc7c6cd7ebbd79be28dad5e9cdcae3765a3d9b0a79c9bbb94959878596dfb35bcd63b9cfe372bc05f952026cb5b6fb3ba671c441db6155870c82299c297032e9fdd1bda730a3c4f9fbf0df6cb866e89d943a2ef6493999043e4f161b7a40d865c2f0fad4447382d9483ba311e3afac495577db84be84f4cad428b2efb32874c6e9d88dd1224671666cdcf6e15a50ef1f4ef739081df48be5369b34c8fce143cfdb301a90a6b61fc764bc807e7bcaaf176a307d1e3a610912bc9f3ea5b9bec8e14d8d0dec,
Chaitanya Sarve,2025,,Unit2,Documents/Chaitanya Sarve/Notes/2025/CVDL/Unit2.pdf,pdf,,,CVDL,Notes,https://storage.googleapis.com/abhi-hub.appspot.com/Documents/Chaitanya%20Sarve/Notes/2025/CVDL/Unit2.pdf?X-Goog-Algorithm=GOOG4-RSA-SHA256&X-Goog-Credential=firebase-adminsdk-6gamz%40abhi-hub.iam.gserviceaccount.com%2F20250426%2Fauto%2Fstorage%2Fgoog4_request&X-Goog-Date=20250426T185533Z&X-Goog-Expires=3600&X-Goog-SignedHeaders=host&X-Goog-Signature=b4236412ed91057c98ce3087b99d55db61eb4edf06406d50edf385ae95fb47030eab2dde586d90f53c8d66300c1471a9af84ef30bfb86c9fbcfefde15c7728d130ee23e4a4b13dd5f5e22e3b06f595113d79a27a4ec069ba83f992b973be849b2381f9a3589af093643237005a2877cc9625188ea0db60051c8d247122b1a17ecdb87ed99f6e53dae56357494cb2e4fc4774769ecd11a31c04e917e75fb89c2038fa5fe48c77df80043eedd3b311ddae30a4f6a690c4be195b4db21fc88662fba5814be0ff5a8bf5f17197c2d5ec2e86e4cccfbf83f188dcc373a988558012c3e52615320d9e41fcfe4a2c884a01fee68eed0038c235a35924dd3081d5bc6221,
Chaitanya Sarve,2025,,Unit4,Documents/Chaitanya Sarve/Notes/2025/CVDL/Unit4.pdf,pdf,,,CVDL,Notes,https://storage.googleapis.com/abhi-hub.appspot.com/Documents/Chaitanya%20Sarve/Notes/2025/CVDL/Unit4.pdf?X-Goog-Algorithm=GOOG4-RSA-SHA256&X-Goog-Credential=firebase-adminsdk-6gamz%40abhi-hub.iam.gserviceaccount.com%2F20250426%2Fauto%2Fstorage%2Fgoog4_request&X-Goog-Date=20250426T185533Z&X-Goog-Expires=3600&X-Goog-SignedHeaders=host&X-Goog-Signature=6caddb462428439d07388d2547f2c91636e44aebade9669f170c4176131be9f6000fae2290503224f95a4bd1801b933d7af347c97182dd6e0f0c1d714da1dfde9cfa04230123c1c6bc0db1ccc856de2564a3c6a352208636f53c4a18c12c3e758694cb5cf999f247943acec868c131904981c99d33d9cfcc3444f8a851a781cc5694468e0ff929758a682ab3ca0c4f082f5b01124579d2ac50ec2763fc50ab56c9face24b3f7713992b1b9ec1057201a7dff508ccc75911101b25e4bc38ffff01749dcafc4150db8feaaf47666bf180ae5fa9eac71ea864e11affc206efef485bdb0fe8b7c260527cccf975e998b6ff9276cee716d1954b5371631187de47be4,
Chaitanya Sarve,2025,,Unit5,Documents/Chaitanya Sarve/Notes/2025/CVDL/Unit5.pdf,pdf,,,CVDL,Notes,https://storage.googleapis.com/abhi-hub.appspot.com/Documents/Chaitanya%20Sarve/Notes/2025/CVDL/Unit5.pdf?X-Goog-Algorithm=GOOG4-RSA-SHA256&X-Goog-Credential=firebase-adminsdk-6gamz%40abhi-hub.iam.gserviceaccount.com%2F20250426%2Fauto%2Fstorage%2Fgoog4_request&X-Goog-Date=20250426T185533Z&X-Goog-Expires=3600&X-Goog-SignedHeaders=host&X-Goog-Signature=17ecb1add8ed0ac7673e01e905f5c6a325a82c6face2d3f66ff8d8399aa81b58ef26fe3403fd24d6c0aadd99c616368dc4167143ac65d3db94bb458862fbf37d746a134363ff3380d119f48149aa128950020e533b53c6fa56584c982926cc996373bbd25e385d7cef6b9ee3d13a8fa5d19ff0bd9a27daf9599aed4e9f719d539cbec7b92e90e5e5bb2378807e928943ac901097295869adccf06b47fa8518bd0d0debe99fdebac000f3bdf1b1fa35cd1ddf1ef0fa3bd153b59238aad10b960133596f09d5634a9943509c945a78884a1999abd76d7aa31497ce8f519e9e2a2db0cf17c5d30f9dc4027f529d7c0e744f6fc301fdad4b759178532cf06a5ebc45,
Saurabh Mule,2023,,EWaste-ESE2023,Documents/Saurabh Mule/PYQ/2023/E Waste Management/EWaste-ESE2023.jpg,jpg,,,E Waste Management,Papers,https://storage.googleapis.com/abhi-hub.appspot.com/Documents/Saurabh%20Mule/PYQ/2023/E%20Waste%20Management/EWaste-ESE2023.jpg?X-Goog-Algorithm=GOOG4-RSA-SHA256&X-Goog-Credential=firebase-adminsdk-6gamz%40abhi-hub.iam.gserviceaccount.com%2F20250426%2Fauto%2Fstorage%2Fgoog4_request&X-Goog-Date=20250426T185533Z&X-Goog-Expires=3600&X-Goog-SignedHeaders=host&X-Goog-Signature=949eb7755c5e14c5706d742a7c5ed37e32a1fe8ce54766e7ddbe5ef238f704f092c5b58950e4ada90bf676bc724976d79653731a50e996c6e1ac91c60938a8a696230ae91af66395881e2ee18b5d78eb8ff259178e7ca58b0c1890cc614ba712d662e5123bef5c6b5b81cab08c6fd2288ff1b51f9855584f889b776bf34ff9c1afcb6b8f1622738be6fde99ab8183a5b9e5b8219e5a288567025b260ba442412e6588e6debe9751b8afa6a95807f337ce84ceb0c47f473ed45bf60744c2b7692636852690ff7db238dcab7197796821d319a455dd351b79f3ad96fb670dfdf2ce26ce5ed63d70359db7275c4b98391b7f4c284268853090a86d95eab8d3abe33,
Saurabh Sathawane,2025,,"Unit 3,4,5","Documents/Saurabh Sathawane/Notes/2025/OE(Introduction to communication Electronic)/Unit 3,4,5.pdf",pdf,,,OE(Introduction to communication Electronic),Notes,https://storage.googleapis.com/abhi-hub.appspot.com/Documents/Saurabh%20Sathawane/Notes/2025/OE%28Introduction%20to%20communication%20Electronic%29/Unit%203%2C4%2C5.pdf?X-Goog-Algorithm=GOOG4-RSA-SHA256&X-Goog-Credential=firebase-adminsdk-6gamz%40abhi-hub.iam.gserviceaccount.com%2F20250427%2Fauto%2Fstorage%2Fgoog4_request&X-Goog-Date=20250427T113905Z&X-Goog-Expires=3600&X-Goog-SignedHeaders=host&X-Goog-Signature=01c45a9126d3a9510b8c12379972be1e203b1e5836a2d1d85bca1fda4d2fd8083e266a5e0d805906eb01df7a21b74f110324c3ebe92b9b47fd84912b85ccdb788b6f1aee241bd43daad7d108d150b57e037258c39b2ac7e772442802047ed54ecfb1b4ced149c99a81b4f1f086e2c4c8e61c8c88e6578495f45f7dad250fdd2e25b189229ad5e52ad203ce270af9e4e4d60dc09beca378aaa0ec2483a86d822b5a0dce4f5422560bb33bd435e283b5159b1d865cf5f2b5abb6a20fba96f92255bad6fd71416c17281c70b9ef31ddd527bd1b28d7b69debfd61b7ad3e564154abc9b98e74b33118dec3cc7161711cd504f7c9ee8ab858a982c5e8e37ef7160fa8,
Abhijeet Shende,2025,,Unit-4,Documents/Abhijeet Shende/Notes/2025/OE(Introduction to communication Electronic)/OE(Introduction to communication Electronic)-U4.pdf,pdf,,,OE(Introduction to communication Electronic),Notes,https://storage.googleapis.com/abhi-hub.appspot.com/Documents/Abhijeet%20Shende/Notes/2025/OE%28Introduction%20to%20communication%20Electronic%29/OE%28Introduction%20to%20communication%20Electronic%29-U4.pdf?X-Goog-Algorithm=GOOG4-RSA-SHA256&X-Goog-Credential=firebase-adminsdk-6gamz%40abhi-hub.iam.gserviceaccount.com%2F20250428%2Fauto%2Fstorage%2Fgoog4_request&X-Goog-Date=20250428T063030Z&X-Goog-Expires=3600&X-Goog-SignedHeaders=host&X-Goog-Signature=1a38c1c799b80cb477e3d0c6736363a49c1b70f901e0f27a3112fa27e94734f5488ebb6715bdbee8da087d184475a7fcce12accffabff0a904d05010c952210c4c03edabe02e941d6fd17ce2cc9f8acd286e2e43476104d993567f602a66e21cd04e7e623b109a2b2280b668b0cf7abcaa6108c6bfa19642a1c694c5f069d7926b47bddd4377274752dd759f3a977f0194f857cd91756efad01bc03096cb2854501655993f90bf7e9696e791393bab86cd43582a9ba399a1b7841c5c5c070898abab15e2eb226220184def3c6d88901abd6015c1452cc105e0d8fe0e0d7d75fa18d0fdcd65890a58769d0cd1a2f0252811705a1ce3224124a9d8dfd3fceeb0c4,
MOHIT HATWAR,2025,,Unit-1,Documents/MOHIT HATWAR/Notes/2025/OE(Renewable Energy Sources)/OE(Renewable Energy Sources)-U1.pdf,pdf,,,OE(Renewable Energy Sources),Notes,https://storage.googleapis.com/abhi-hub.appspot.com/Documents/MOHIT%20HATWAR/Notes/2025/OE%28Renewable%20Energy%20Sources%29/OE%28Renewable%20Energy%20Sources%29-U1.pdf?X-Goog-Algorithm=GOOG4-RSA-SHA256&X-Goog-Credential=firebase-adminsdk-6gamz%40abhi-hub.iam.gserviceaccount.com%2F20250428%2Fauto%2Fstorage%2Fgoog4_request&X-Goog-Date=20250428T100027Z&X-Goog-Expires=3600&X-Goog-SignedHeaders=host&X-Goog-Signature=a1259c329b7a71a3db5f946fe8fc94fcab516e479b78c110f8c4e2a078062f296ebc0b2234d5c9d449d2ea14cc50a8d93cb189f91472d8f691078007bdbb274195c3faae6c8b1bd1657575828cc9a424edb8337e0921bc7a064a07c339a55a258ead390ef091e9cfab0d9b619e795ab6233ab17a2c3fa53d76f9fda02cedf0222a24cde7bd01277f8754587b26d680f90b0d5e1188bee9421d4c07c5d5ba18ed4cc0a43729126f288246b11c4f0c1655c3f86c75b493d0ef7064f4037dfebe5d1e02fc6e5b878003bb46a400c433ab1e6ddabb87b340a5e692ef9445a6f8f05351110d9a470b5a5fef586793c16826351032eee98649e2a555d04ddf8769573c,
MOHIT HATWAR,2025,,CAE1,Documents/MOHIT HATWAR/PYQ/2025/OE(Renewable Energy Sources)/OE(Renewable Energy Sources)-CAE1.png,pdf,,,OE(Renewable Energy Sources),Papers,https://storage.googleapis.com/abhi-hub.appspot.com/Documents/MOHIT%20HATWAR/PYQ/2025/OE%28Renewable%20Energy%20Sources%29/OE%28Renewable%20Energy%20Sources%29-CAE1.pdf?X-Goog-Algorithm=GOOG4-RSA-SHA256&X-Goog-Credential=firebase-adminsdk-6gamz%40abhi-hub.iam.gserviceaccount.com%2F20250428%2Fauto%2Fstorage%2Fgoog4_request&X-Goog-Date=20250428T100027Z&X-Goog-Expires=3600&X-Goog-SignedHeaders=host&X-Goog-Signature=876bae350486c1988ecf548e0b07da274c0bbd0f7201755c7c642ef0dedd009bd60beaee8c5df1f23502b9ebdfdbb6409dedbf110a9c85c10eff92170787964fd16b2e14c734a7c2d672a5331b314e036bbe8549221df66504f34697c2a893711aba0ed4fdd1189d5bb191454d1718af1a35e6ce65182bc31ae79f793c442cbd9806129bec564cb29a0b319270c4b8fa9baf4ab4b2f37d9759f90a1213459e339b7e6e4a18dd8ff9c4d07790751d639b59239e7d5b80f4cb0f73df40326af07dec201b323215c86a39b9004153e79c9f24e027fff68d737e4cbbb3325ce75e914fdb3eaf68c151c7aecf66c7bb271f18eee05ffda2116cb99053db248f110ee4,
MOHIT HATWAR,2025,,CAE2,Documents/MOHIT HATWAR/PYQ/2025/OE(Renewable Energy Sources)/OE(Renewable Energy Sources)-CAE2.png,pdf,,,OE(Renewable Energy Sources),Papers,https://storage.googleapis.com/abhi-hub.appspot.com/Documents/MOHIT%20HATWAR/PYQ/2025/OE%28Renewable%20Energy%20Sources%29/OE%28Renewable%20Energy%20Sources%29-CAE2.pdf?X-Goog-Algorithm=GOOG4-RSA-SHA256&X-Goog-Credential=firebase-adminsdk-6gamz%40abhi-hub.iam.gserviceaccount.com%2F20250428%2Fauto%2Fstorage%2Fgoog4_request&X-Goog-Date=20250428T100027Z&X-Goog-Expires=3600&X-Goog-SignedHeaders=host&X-Goog-Signature=109e6a67fcefb540edb97682fc30ca3a08938969f229cf7cc3ec4a50290ab6c35879b0180b81abfb946c16d0bda90fb97d051df8c9b3e94465146657a93916b440166914d5a989055c8700fe246321e9aa5a66dc6775c588a6cc6cbaef05ab6f5627b36874b2a10c897edaa648d085ef80dbe589387e6664ae3fc8ce484b3ae8e94aa9ea10315a786cbf341e9dfc5a09043a083cee99dd053991b20025878127024b4ee19ecc0947a7c8f4bdcafd4bbfdbd1b7585d6d08e93fdcb7d5e16c7ea7213ec28a7e99b9c5d2721c19014ea81523af5429d2b5c164751477570f4e0689464aee6acea36823b5aafc90c12af8d048173995dcc82ece10fdfc3dc9294648,
Abhijeet Shende,2025,,Numericals & Derivation,Documents/Abhijeet Shende/Notes/2025/OE(Introduction to communication Technology)/OE(Introduction to communication Technology)-U5.pdf,pdf,,,OE(Introduction to communication Electronic),Notes,https://storage.googleapis.com/abhi-hub.appspot.com/Documents/Abhijeet%20Shende/Notes/2025/OE%28Introduction%20to%20communication%20Technology%29/OE%28Introduction%20to%20communication%20Technology%29-U5.pdf?X-Goog-Algorithm=GOOG4-RSA-SHA256&X-Goog-Credential=firebase-adminsdk-6gamz%40abhi-hub.iam.gserviceaccount.com%2F20250428%2Fauto%2Fstorage%2Fgoog4_request&X-Goog-Date=20250428T181825Z&X-Goog-Expires=3600&X-Goog-SignedHeaders=host&X-Goog-Signature=addacdd28e56ac2263ab32eba2aef6040ef4a685e94cc9cf2458ac6dabecc2215705bd23c2f0973bbd2d8efa56f2491f02b1a153310f43b8aa2817459e5c10bcfec9b3abf71a1be4b6c5b498095f74d37287ec1b931b28f5abe5a18838bad493b6d74cbcda49a3b71acea0c999cdf273eea4c51b19b3646c5f383f560d7a70f14334ef0e99117fef1dba578b9a77f48d4de3efa3e107ff2bef472be6a4b2a4609027b6d1af55badd65e1ad71a1d527d3e4893ed6af28818aa57fbc657bc03261c7182898c6ea8b28a833e277e7ab64efb1b7cbe17a115543d6de595d23c8bcebac33a320c4fe43d554fe53c1fe1753f15a10cacb5c1ec433d053c10d7af782f6,
ROHIT NINAWE,2025,,Unit 1,Documents/ROHIT NINAWE/Notes/2025/nanotechnology/nanotechnology-U1.pdf,pdf,,,Nanaotechnology,Notes,https://storage.googleapis.com/abhi-hub.appspot.com/Documents/ROHIT%20NINAWE/Notes/2025/nanotechnology/nanotechnology-U1.pdf?X-Goog-Algorithm=GOOG4-RSA-SHA256&X-Goog-Credential=firebase-adminsdk-6gamz%40abhi-hub.iam.gserviceaccount.com%2F20250428%2Fauto%2Fstorage%2Fgoog4_request&X-Goog-Date=20250428T181825Z&X-Goog-Expires=3600&X-Goog-SignedHeaders=host&X-Goog-Signature=5fe174108677874299399dbecb90fc7500b3b32e7480d486066256bed299cbd88f2ff9b64c8cb64f12159fa734d874f09f0c2074a72c4eb9f6336c560be1ed55db62f30cca6d5da864e439207567f8857e39f132a0ef407cd7333f7c7fd547e36215436487aa3a11797379169113bd84649e27362c7363787c4ebe3e16b3f23e68d97f600dda0dfd604b702687bcfc5133ab4d380be10593a1b1b87ddeef38efd65270230fc1ab33023985665ba117566f0996597c1989cf11afccff2299551c725fc5e69ba224783b199e5319b9777131d0684caf38dace14ef99edeb634d6ce3aa73172d2a5867547a12cc2c3409b6e0bb039ee37415525a3d0f8fc13b8bd5,
ROHIT NINAWE,2025,,ESE,Documents/ROHIT NINAWE/Other/2025/Nanotechnology Paper /Nanotechnology Paper -ESE.png,png,,,Nanaotechnology Paper ,Papers,https://storage.googleapis.com/abhi-hub.appspot.com/Documents/ROHIT%20NINAWE/Other/2025/Nanotechnology%20Paper%20/Nanotechnology%20Paper%20-ESE.png?X-Goog-Algorithm=GOOG4-RSA-SHA256&X-Goog-Credential=firebase-adminsdk-6gamz%40abhi-hub.iam.gserviceaccount.com%2F20250428%2Fauto%2Fstorage%2Fgoog4_request&X-Goog-Date=20250428T181825Z&X-Goog-Expires=3600&X-Goog-SignedHeaders=host&X-Goog-Signature=a3556d7aa1e959d5db7c4c8e75f2ac612eeb62e5470043e659ccbc0a048087ed97bf34f965c8f69d33966e725d5ad4ea46a7511a7136f263a9dffe7aad73e51de2fb32dc68fcd75f8289182816fe2f58708e13a17eb12dd7f913c9b75153b737e0ba13d3df381ad771066503cacb6c40c08cc6723427f1f6625ab40e2d2b68c47372614676978772d5fcff4715f2242c534d67746d736b4d43cc3ae238922e70a285fa83f1208dad5c4497ba30c949380197601bc1fab869f6e587861009fb9686993a86e119da8229ed1f81bf05aa4fc28ac2a714a556eefe7e5fef732a8788d959aa63ca517f23ed0d996528840cf2340db1047ed605c2b5c689b89ca825f5,
ROHIT NINAWE,2025,,Unit-1,Documents/ROHIT NINAWE/Other/2025/nanotechnology/nanotechnology-U1.pdf,pdf,,,Nanaotechnology,Other,https://storage.googleapis.com/abhi-hub.appspot.com/Documents/ROHIT%20NINAWE/Other/2025/nanotechnology/nanotechnology-U1.pdf?X-Goog-Algorithm=GOOG4-RSA-SHA256&X-Goog-Credential=firebase-adminsdk-6gamz%40abhi-hub.iam.gserviceaccount.com%2F20250428%2Fauto%2Fstorage%2Fgoog4_request&X-Goog-Date=20250428T181825Z&X-Goog-Expires=3600&X-Goog-SignedHeaders=host&X-Goog-Signature=536e7cb708fa2950ac9d3432d8fd288bf091ca93e43328628d097f3a505a4f70f018b06144054475003864cd75b6bb9ae4dc47f06863909c3ab65dd7e1365b2899e07a9a449472e8dcd8a71c2b9adcfbe20bde4c9d9797f3358d223783bd84ea49aa7c4a325f58ccc8bd97ce3d6b3a73348810048633474e45c14ca736b57f79a7bd9aca6fd37723e091886824e659603a5cf4df77ddcb437e29df5bb8c005e47df3f99747a16928c4a8090f615c13da713a252a295066f296b84e58db8cdf85c1a14c5294709bf559fa68b98b6d6d2bdd92a351f75d84b9159e35c573b3f5e77efed86615c833a17c7133d038299489fb66c6a35ca0470a033401ced970e153,
ROHIT NINAWE,2023,,ESE-2023,Documents/ROHIT NINAWE/Other/2023/ cvdl vacation exam 2023/ cvdl vacation exam 2023-ESE.png,png,,,CVDL,Papers,https://storage.googleapis.com/abhi-hub.appspot.com/Documents/ROHIT%20NINAWE/Other/2023/%20cvdl%20vacation%20exam%202023/%20cvdl%20vacation%20exam%202023-ESE.png?X-Goog-Algorithm=GOOG4-RSA-SHA256&X-Goog-Credential=firebase-adminsdk-6gamz%40abhi-hub.iam.gserviceaccount.com%2F20250503%2Fauto%2Fstorage%2Fgoog4_request&X-Goog-Date=20250503T173706Z&X-Goog-Expires=3600&X-Goog-SignedHeaders=host&X-Goog-Signature=676d8a58a6567a12ea7fb9df240c88365bfccf361b2c1df8b29e0ba454d5976a0fde3c8ebfaefb9608e25d0d5548fbc0f4ab1ebb4378397cc6f707509cac7189c9917a013dd354da552818e755b95ed86d9653a1a05007a3831f061280909fe133788bc23c51f3d96dd42497971bd5c5a10dda06a5a7568b96ea252950104dc85a699fc15ec3221208d6f0a83186f13891709e90b382256ac82a6cd3d0524a270e57ac5c8083ed2df64ed84e50749b9ffc3496f8251c704a236310eb48da5699b3026057c325fa1c9cc68d0356934f4d491365484b9ef7fd0ef5bef23790a8ef05a17442ec01ea513f79685276e7be3c44fb4f8ddd7f77c0149ed4c0171e2c0c,
ROHIT NINAWE,2025,,IMP,Documents/ROHIT NINAWE/Other/2025/cvdl(Unit 1 - 5)imp/cvdl(Unit 1 - 5)imp-U1.pdf,pdf,,,CVDL,Notes,https://storage.googleapis.com/abhi-hub.appspot.com/Documents/ROHIT%20NINAWE/Other/2025/cvdl%28Unit%201%20-%205%29imp/cvdl%28Unit%201%20-%205%29imp-U1.pdf?X-Goog-Algorithm=GOOG4-RSA-SHA256&X-Goog-Credential=firebase-adminsdk-6gamz%40abhi-hub.iam.gserviceaccount.com%2F20250503%2Fauto%2Fstorage%2Fgoog4_request&X-Goog-Date=20250503T173706Z&X-Goog-Expires=3600&X-Goog-SignedHeaders=host&X-Goog-Signature=837e46f72a90cc11755d7144db1b18be6e366cb4e36c0490bc357136a24402e8656c8ae7bf7e425a63a3a991fc4330b75cfea89027c3d6d7272c13558fff07cf8cca9001d8a8162b23f10eb9c876b41a4beb90f1c3e15af16d9ca9ec66b1565f6273fbcf8b4434b366ca272486a9b5221de15ee8ee5b43db13dc1333dc7028c9d3cf85f2987e14df8b9dee089f33d98e3884162b69305593e66111ca8441944a6e2b7e1b0514e06b2c6b9ce68a3bb89d9b56887a8c668df06e897b5fb397ee6cfd9518e2357bcf6b03c48f80ec835014ad334ccf7181285636c8f3a5abc9df9b057a963dd3eeac7d0bc2181913b96831bdad6d54e004551055777446bc1ded2c,
ROHIT NINAWE,2023,,ESE-2023(vac),Documents/ROHIT NINAWE/PYQ/2023/cvdl summer 2023/cvdl summer 2023-ESE.png,png,,,CVDL,Papers,https://storage.googleapis.com/abhi-hub.appspot.com/Documents/ROHIT%20NINAWE/PYQ/2023/cvdl%20summer%202023/cvdl%20summer%202023-ESE.png?X-Goog-Algorithm=GOOG4-RSA-SHA256&X-Goog-Credential=firebase-adminsdk-6gamz%40abhi-hub.iam.gserviceaccount.com%2F20250503%2Fauto%2Fstorage%2Fgoog4_request&X-Goog-Date=20250503T173706Z&X-Goog-Expires=3600&X-Goog-SignedHeaders=host&X-Goog-Signature=b477c750b8d3900f3742e149d59f10822d683a924d08d337e83621c245f4fcae8fca05d8c3a014a8220a9cdc346a57c00207957be43df935a2ad79177db7962ac94537720d3b1bbb0674d73030be1b717899262e2e64fc1a96071e731687ae950d71f95907d429a87d30083e09a17a37326d236f4423c65b12d933758f2ac7e037c5d08a66620cb613e36c3c18372eeba58a97856f911d1065e02eb0247b9e46ceb0c35a518954386f7d18d9de4ee461e8764fb34a3ef27058c3f7d0e43441f8fb8f7cd9526a26ee241e8994fa0e4ad3ea4bd0813c787144ec4045c337ac57322cb03707f14bbb3b370ef354d96145c96dd4ce7b4f8d6e54f9b4a7660c92b27a,
ROHIT NINAWE,2023,,CAE1,Documents/ROHIT NINAWE/PYQ/2023/vacation exam 2023/vacation exam 2023-CAE1.png,png,,,CVDL,Papers,https://storage.googleapis.com/abhi-hub.appspot.com/Documents/ROHIT%20NINAWE/PYQ/2023/vacation%20exam%202023/vacation%20exam%202023-CAE1.png?X-Goog-Algorithm=GOOG4-RSA-SHA256&X-Goog-Credential=firebase-adminsdk-6gamz%40abhi-hub.iam.gserviceaccount.com%2F20250503%2Fauto%2Fstorage%2Fgoog4_request&X-Goog-Date=20250503T173706Z&X-Goog-Expires=3600&X-Goog-SignedHeaders=host&X-Goog-Signature=2d9ca4273a80a153526d8df49b94e8a5dbd988be78c85b4b145020d9f3e1e2236943ce9f5fd4a5b31f8e1d28bbaa28d2af1e5df73a1ef21491bed20229bf3374a9c74eb1ba82eb7e6338ffb5ecd80b3dda6426518b6c474d77a04b1f20e0fb34b20926f3eec90b6407ca2500e583230b0ed303b0243ad1d01ace90bae32c70386077bc01fe95a46a2aabafd7928799d749d75a096c3c9b5bb1ba98a92d5dd25557981b3189a91dd1018bdfbfc7fda4fb8d46b35faac5e4042b032a008334aad48b39c0250d7fcc9ddc572c194fa59eb01afb041c61f2c4b2d5ff974aa38e7bfd218b68f1efcea99b6d828b49ac21397b4a684fcc4213ea7394f51a184d5add66,
ROHIT NINAWE,2023,,ESE,Documents/ROHIT NINAWE/PYQ/2023/BDC/BDC1.jpg,jpg,,,BDC,Papers,https://storage.googleapis.com/abhi-hub.appspot.com/Documents/ROHIT%20NINAWE/PYQ/2023/BDC/BDC1.jpg?X-Goog-Algorithm=GOOG4-RSA-SHA256&X-Goog-Credential=firebase-adminsdk-6gamz%40abhi-hub.iam.gserviceaccount.com%2F20250505%2Fauto%2Fstorage%2Fgoog4_request&X-Goog-Date=20250505T034428Z&X-Goog-Expires=3600&X-Goog-SignedHeaders=host&X-Goog-Signature=38c30fc18f88d90d4d75e0e31feeb5189e17201cb033fdbd682628861c0e889cc1514fa7446e34f014ac792def7e91df7f1c1e1b39720f9f9b8a95261036cac4458a40a00302c1baba3aa4f53ab4b3461c1120b87aa27b935c10750caff86281a2cd770070bc2a58cfeeb9963c99296732ddac55420ff87e3f65dfbddd23802121be5372ea989143178bc038b0dbbd17e5ef9c4325ad347be4efd55b598f84f1523059b7796ef1b5d8f9a4e8c23a73a0dead07c5ed0d74d9bdcde858928b295ba3c13c5cdb51a8c1f58be2bbb69ce1e4693d10295290406415df51e86d52506cd1166386c812247cb054baa54c634573db1070f86d1ab29b2b2bacee2d058c15,
ROHIT NINAWE,2023,,ESE,Documents/ROHIT NINAWE/PYQ/2023/BDC/BDC2.jpg,jpg,,,BDC,Papers,https://storage.googleapis.com/abhi-hub.appspot.com/Documents/ROHIT%20NINAWE/PYQ/2023/BDC/BDC2.jpg?X-Goog-Algorithm=GOOG4-RSA-SHA256&X-Goog-Credential=firebase-adminsdk-6gamz%40abhi-hub.iam.gserviceaccount.com%2F20250505%2Fauto%2Fstorage%2Fgoog4_request&X-Goog-Date=20250505T034428Z&X-Goog-Expires=3600&X-Goog-SignedHeaders=host&X-Goog-Signature=465d8e0453b1f9cd890aac4a622413e71ad039b6c8994cafeb6ea285da45f78fcb18deff0adb2ec4230e30b639369ddb17f795d3cba8f349b713f72c895e4389b541b38d47b8edaea521c4c31881e3732afe2884bdc24517fb6cf90fc303e17e895a2870ae9784aa4e0e143969c2b4dc96fb326b147ddd732b48802053045097a3b0d71de44a06a3f164666eaa2dfba736883a744c1410fb850800ad99551883ab070532888620ddcc7fec2668462ed62eb94627b18251c6cdfef1b7f29c1201455d78e67680035dac34490d8dc6ba5b9c25a513b152a902b20edefa904634e0977f0c5c41f719cd1d581c4221597387d232504b55191c88402f121423534e52,
